time1,time2,lon1,lat1,alt1,lon2,lat2,alt2
47610.0,52956.0,120.01921000000002,18.900146,33000.0,130.31824000000003,28.258118,33000.0
904.0,6300.0,120.010404,18.892714,35000.0,129.347965,28.943994,37000.0
32599.0,42267.0,120.001205,14.656832,12700.0,120.014938,14.700126,23525.0
28373.0,40458.0,120.027466,13.863024,16450.0,120.02937599999998,14.439331,24950.0
50317.0,60382.0,120.02037799999998,13.864059,21700.0,120.004325,14.437270999999996,23075.0
41803.0,43853.0,120.026406,13.863303,24375.0,120.989922,14.492203,350.0
53583.0,55865.0,120.00122600000002,23.91989,27000.0,124.945281,27.786026,28975.0
62490.0,66149.0,124.84583341,29.79318237,38000.0,120.00579799999998,24.029388,38000.0
8146.0,11216.0,125.269345,28.021049,34025.0,120.004958,23.923288,34000.0
54105.0,57132.0,125.173645,27.940234,34000.0,120.001017,24.064087,34000.0
3794.0,7118.0,125.274945,28.025006,40000.0,120.00729,23.925429999999995,40000.0
37069.0,77417.0,124.661596,29.460258,40000.0,124.940168,29.365814,41000.0
42740.0,42790.0,142.60750217999998,12.179136110000002,39000.0,142.6851733,12.244262699999997,39000.0
46095.0,46125.0,144.80927316999998,13.49424847,,144.80927316999998,13.49426011,
29225.0,32369.0,125.057426,27.889911,38000.0,120.003766,23.922264,38000.0
70319.0,73773.0,124.701987,29.4104,38000.0,120.00418,23.922683,38000.0
39339.0,47982.0,120.007469,13.865491000000002,21925.0,120.001484,14.437042,34025.0
36583.0,46491.0,120.00117,23.032371,37000.0,120.001641,23.591697,38000.0
52105.0,61298.0,120.005526,16.169501,32375.0,120.002904,14.437270999999996,20600.0
61784.0,63273.0,120.00558,26.870407,41100.0,121.270101,29.874573,22550.0
18539.0,61350.0,124.669997,29.485628999999992,37950.0,124.42145852,28.46143302,39000.0
61078.0,64515.0,120.001322,23.437934,29000.0,127.60350741,29.274261470000003,31000.0
69370.0,71964.0,120.01297,23.4492,31000.0,125.574628,27.822969,31000.0
29674.0,32360.0,120.000559,23.238272,31000.0,125.746712,27.946014,31000.0
0.0,64600.0,120.519765,24.378342,40000.0,128.30690271999998,29.76112495,33000.0
2.0,332.0,126.604397,5.911148000000001,35000.0,127.035196,5.355463,35000.0
43285.0,46668.0,125.207748,28.061646,,120.003052,23.921721999999995,40000.0
45312.0,55439.0,120.004846,13.865845000000002,22575.0,120.004722,14.437432,24050.0
51265.0,70934.0,123.837996,27.976501,36000.0,124.925062,29.328369,39000.0
37978.0,77238.0,124.651956,29.475294,,124.94196300000004,29.370412,36975.0
57978.0,61556.0,124.726357,29.467941,,120.002211,24.057126,38000.0
37151.0,70416.0,124.646917,29.44606,38000.0,124.89764,29.259804000000003,39000.0
51533.0,76246.0,123.588744,27.520054,39975.0,124.889455,29.239461,37000.0
10.0,37490.0,121.498769,22.875258,40000.0,124.832048,29.368378,34975.0
26933.0,66624.0,124.708029,29.423996,39975.0,124.86838699999998,28.12674,38975.0
40290.0,65256.0,127.400046,29.002463,37950.0,124.890478,29.241881000000003,39000.0
34831.0,86399.0,124.71405,29.439102,,120.363672,23.931993,35000.0
74143.0,77261.0,120.006858,23.443863,39000.0,124.916135,29.305801,39000.0
74755.0,86399.0,124.719759,29.452437,36000.0,121.665239,25.83179,26700.0
52845.0,70695.0,123.774297,28.037979000000004,38000.0,124.056109,28.055079,37000.0
77403.0,81159.0,124.720513,29.454299,38000.0,121.23558,25.07539,50.0
48775.0,86211.0,124.88740187,29.84751892,38000.0,124.901356,29.269161,41000.0
39949.0,80257.0,124.636931,29.448806,36000.0,124.915132,29.303421,35000.0
54797.0,75973.0,124.616466,29.412821,36000.0,123.965079,27.951965000000005,33000.0
57844.0,66349.0,127.72029,29.053802,32000.0,120.018058,12.094666,32000.0
57111.0,79321.0,124.725467,29.46603,37975.0,124.91169900000004,29.295044,38975.0
5815.0,39438.0,124.706134,29.420269,,124.828139,29.305161,35000.0
83441.0,85847.0,120.004811,23.441254,39000.0,124.001662,27.993816,39000.0
42282.0,63635.0,127.46316300000002,28.972715999999995,38000.0,124.919304,29.313904000000004,37000.0
71887.0,73712.0,120.00161500000002,23.43837,39000.0,123.02838799999998,26.823912,39000.0
44119.0,75561.0,123.903862,28.114200000000004,34025.0,123.894843,27.873962,35025.0
12579.0,21529.0,120.127017,13.900079,15475.0,120.002554,12.925787,35975.0
67372.0,72349.0,120.003762,18.887407,40725.0,125.420622,28.96997,41000.0
9769.0,18262.0,131.71928499999996,26.355743,34000.0,120.003141,12.077133,40000.0
16199.0,24881.0,131.75126,26.390717,38000.0,120.000723,12.21028,40000.0
6084.0,56967.0,121.019271,14.509215,300.0,120.992432,14.493576,225.0
1888.0,42370.0,121.029149,14.514103,775.0,120.988529,14.491479,350.0
0.0,45201.0,122.356915,10.97905,33000.0,120.992005,14.493347,250.0
0.0,86035.0,123.804032,12.228699,34975.0,122.21056500000002,13.584176,25050.0
2044.0,84815.0,121.029842,14.51445,575.0,120.992337,14.493576,225.0
22670.0,46434.0,121.078009,14.447766,4050.0,120.990395,14.492661,300.0
6915.0,49090.0,120.99963540000002,14.4987643,,121.00858588,14.505921699999998,
0.0,85904.0,121.031558,13.461138,19000.0,125.375464,9.501434,17000.0
80173.0,85904.0,121.01914,14.508591,375.0,125.370815,9.366776000000002,27000.0
42795.0,50666.0,136.79636101999998,15.730178829999998,36000.0,120.992574,14.493622,250.0
2534.0,7227.0,125.650729,7.304557999999999,9900.0,120.99195000000002,14.493294,200.0
33709.0,39611.0,125.117193,5.9478610000000005,5375.0,120.994889,14.495017,250.0
1445.0,38986.0,125.614266,7.469353000000001,13550.0,125.408699,7.27011,7600.0
599.0,86072.0,122.061918,6.920351,,123.370586,12.640422,31000.0
4781.0,59691.0,121.029653,14.514359,550.0,120.994745,14.494831,225.0
9.0,62532.0,120.934175,14.138612999999998,18825.0,130.341269,28.103897000000003,31000.0
16932.0,62360.0,125.06403,4.796539,38000.0,148.85824937000007,29.15611267,31000.0
1056.0,86392.0,123.783433,10.657288,14400.0,121.23495,14.330874,11600.0
540.0,86399.0,123.174591,13.627807999999998,24300.0,121.06061400000002,13.637477999999998,19375.0
4.0,25820.0,123.840917,8.225647,11525.0,125.02640297,11.22640228,
9156.0,85376.0,121.028042,14.513168,625.0,125.346711,10.248334999999996,20825.0
15473.0,60410.0,124.104588,10.178467,10925.0,125.397856,7.323166,6675.0
5391.0,24079.0,120.004867,16.170776,34800.0,120.002668,14.43718,20825.0
6.0,39027.0,121.204345,13.995804,13825.0,120.995036,14.495041,250.0
2641.0,57622.0,121.030209,14.514522,675.0,120.988143,14.4912,300.0
15929.0,54415.0,120.053052,13.844449,16375.0,120.992574,14.493713,200.0
18785.0,48745.0,123.97997969,10.314537050000002,,121.01742317,14.50903702,
6519.0,16540.0,121.03126900000002,14.515081,725.0,120.99408900000002,14.494492,225.0
23655.0,27070.0,121.00392392000002,14.50382685,,120.004192,14.437432,23975.0
10329.0,85397.0,120.000817,16.177787000000002,36025.0,122.967271,12.325653,33000.0
18845.0,60080.0,121.00148826,14.50016785,,120.994841,14.494924,175.0
166.0,83810.0,123.772345,9.656982,3875.0,123.823211,9.482365,5275.0
3175.0,75993.0,121.019416,14.508843,300.0,120.99262400000002,14.493713,275.0
6.0,71300.0,120.903674,14.444274999999998,1800.0,120.994937,14.494924,225.0
13254.0,35655.0,120.110008,13.862605000000002,16000.0,120.010938,14.437758,24225.0
23336.0,24389.0,121.040376,14.520481,1275.0,120.004433,14.437339,25625.0
9040.0,40689.0,121.0068512,14.50511868,,120.99426300000005,14.494644,225.0
2257.0,18843.0,120.007971,13.865433000000005,20100.0,120.003518,14.437246,20775.0
4745.0,27960.0,120.16918,14.70655,4725.0,120.036766,14.439806,23875.0
3.0,39427.0,120.99006400000002,14.492157,275.0,120.992668,14.493668,225.0
35391.0,86399.0,120.108222,13.873352,18875.0,121.080606,14.543518,3275.0
54.0,12221.0,121.126493,14.074539,2000.0,121.132697,13.97081,1650.0
11560.0,81783.0,123.85649,10.646310999999995,10950.0,125.399701,7.312751,6975.0
14108.0,51920.0,121.032426,14.515686000000002,800.0,121.01269371,14.508354059999998,
0.0,53625.0,120.880593,14.125532000000002,8175.0,120.992716,14.493759,250.0
12693.0,19845.0,121.020187,14.508005,700.0,120.99451500000002,14.49472,225.0
3448.0,86095.0,121.022981,14.505445000000002,525.0,123.310966,9.005356,17650.0
18529.0,85316.0,121.028908,14.513824,750.0,120.007517,13.037466,37350.0
3637.0,48115.0,121.028895,14.513901,575.0,120.998985,14.497251,100.0
3.0,86399.0,121.254272,11.962715,2775.0,121.357443,13.275513,9375.0
3.0,51885.0,123.71708900000002,12.298961999999998,29950.0,121.01498439,14.51169205,
1885.0,83986.0,124.663407,11.771710999999998,15825.0,124.35155,12.010245,20175.0
10716.0,40500.0,121.022644,14.50577,600.0,120.98727,14.490692,375.0
7531.0,26194.0,121.024861,14.50307,625.0,120.98476,14.48941,450.0
0.0,86399.0,121.14147,14.17511,9350.0,120.877461,14.288417999999998,4925.0
71997.0,74129.0,123.580531,15.825668,36000.0,120.99229,14.493484000000002,275.0
62340.0,75421.0,144.72943,27.01528931,38000.0,120.988143,14.491106,400.0
0.0,43621.0,121.843446,13.36409,21825.0,120.992858,14.493851,200.0
19952.0,84385.0,121.02037099999998,14.508087,850.0,124.395302,11.748015999999998,18975.0
2761.0,41295.0,121.028232,14.500259,625.0,120.99262400000002,14.493667,275.0
5785.0,54275.0,121.00723668000002,14.50423418,,121.01687859,14.50881958,
2740.0,45509.0,126.75559,24.699267000000003,,123.636775,10.389761,5700.0
623.0,31035.0,125.583391,7.496447000000001,10825.0,120.994752,14.494858,225.0
10962.0,20323.0,121.021981,14.506119,525.0,120.994799,14.494858,250.0
26646.0,34189.0,124.327387,10.212158,9100.0,123.779561,9.899597000000002,5975.0
48.0,36711.0,123.086484,13.670577,23975.0,120.995949,14.495529,225.0
5202.0,85463.0,121.026065,14.501581,900.0,121.353246,14.374028,1925.0
10031.0,33589.0,124.269779,10.568056,,123.894764,10.112868,3850.0
6055.0,11924.0,125.64574678,7.12914276,,120.992865,14.49376,225.0
8768.0,17974.0,121.01956,14.509122,375.0,120.992858,14.493805,275.0
21042.0,29293.0,124.15370099999998,10.187027,9025.0,123.903436,10.059814,5500.0
0.0,84986.0,120.773862,14.194102999999998,6100.0,124.563085,11.920306,19950.0
0.0,86228.0,121.668517,11.7052,25000.0,122.801851,13.570117,19525.0
10782.0,83113.0,121.019078,14.508703,375.0,123.073773,13.374161,14800.0
7.0,25265.0,127.24309300000002,25.06073,40000.0,123.06851,15.240142999999998,32300.0
0.0,20917.0,123.504976,12.519247,7000.0,120.99049,14.492569,325.0
5100.0,11817.0,123.46397,11.08041,,120.996961,14.515453,325.0
68701.0,77445.0,129.71708399999997,28.664308,40000.0,120.99129500000002,14.493027,325.0
4574.0,21625.0,121.029179,14.514084,550.0,120.990793,14.492689000000002,325.0
2827.0,40334.0,121.026499,14.51266,550.0,120.994937,14.495063,225.0
12125.0,50712.0,124.139828,10.220717999999998,6700.0,123.898694,10.119805,4150.0
6.0,85097.0,120.780848,14.368209,4000.0,123.46069300000002,12.510169,32950.0
33401.0,47686.0,121.042015,14.522157,1550.0,120.990167,14.49241,300.0
23650.0,86399.0,121.00311016,14.52591705,,121.329249,13.498659,16400.0
23988.0,84339.0,125.584101,7.495748000000001,11000.0,125.407278,7.274718,7700.0
25278.0,27377.0,120.991034,14.520714,475.0,120.99901400000002,14.514496,325.0
496.0,31241.0,121.019471,14.508636,425.0,120.994889,14.49497,225.0
27621.0,37219.0,121.019377,14.508087,650.0,120.99049,14.492523,300.0
3783.0,37672.0,120.000158,12.484497,19000.0,120.9939,14.4944,250.0
48869.0,56112.0,123.92756400000002,10.488266,8025.0,120.994648,14.494831,200.0
47124.0,54123.0,121.02987199999998,14.514615,625.0,130.364793,27.986367,35000.0
24580.0,30872.0,125.46140473,3.664126640000001,38000.0,120.994745,14.494877,250.0
1912.0,84596.0,121.571203,11.906754,,120.182095,12.434738,3925.0
877.0,33495.0,121.029179,14.513947,625.0,120.992526,14.493668,250.0
28415.0,52305.0,123.98478541,10.31304311,500.0,123.879373,10.098110999999998,3825.0
30694.0,44552.0,123.94415500000002,10.443576,8475.0,123.771088,10.200210999999998,4050.0
8168.0,34539.0,121.01903,14.509401,425.0,120.995415,14.495224,250.0
5509.0,86400.0,121.018596,14.509495,375.0,121.095693,14.211652999999998,10325.0
25720.0,33895.0,124.01204255,10.34129333,1650.0,123.82235799999998,10.150995,3975.0
10178.0,33702.0,120.000278,16.178858000000005,34575.0,120.9893,14.491851,325.0
9030.0,85673.0,121.00330955,14.501976399999998,,122.913841,19.141209,37025.0
84040.0,86399.0,121.019464,14.508796,200.0,121.2469,12.147200999999995,29000.0
1599.0,83749.0,121.018404,14.510007,450.0,122.935165,12.945557,16975.0
6306.0,43362.0,121.02886,14.513964,525.0,120.992721,14.493806,275.0
0.0,35910.0,121.118052,13.707957999999998,13575.0,120.990395,14.492432000000004,300.0
1900.0,14571.0,121.142385,13.970885,1800.0,121.132989,13.968324999999998,1675.0
16847.0,51077.0,121.019416,14.50861,325.0,120.98636,14.490175,350.0
2575.0,86399.0,121.024586,14.504059,700.0,121.42962,12.935843,25450.0
9035.0,18880.0,123.57644443,9.49339786,300.0,123.56365139,9.58488464,400.0
4358.0,49479.0,121.019566,14.508727999999998,275.0,120.987854,14.490967,325.0
3.0,38359.0,121.576297,11.952380000000002,23000.0,120.994799,14.494904,200.0
3253.0,86390.0,122.05213,12.008382999999998,5725.0,121.306313,16.050705,31900.0
18757.0,20518.0,120.002044,16.176484000000002,32475.0,120.991034,14.492736000000004,300.0
0.0,57238.0,121.556002,13.341705,20250.0,120.984618,14.489273,400.0
1.0,82052.0,124.170693,9.759201,22425.0,120.000819,12.386107,35475.0
0.0,79786.0,121.12905,14.608932,8450.0,120.001349,14.436966,27575.0
13376.0,71511.0,120.572012,15.211577999999998,1725.0,120.556207,15.170746,575.0
10521.0,59441.0,121.019377,14.508957,350.0,120.99025300000002,14.49234,300.0
7781.0,84944.0,121.130992,13.965637000000005,,121.112318,13.961575,
84601.0,84806.0,121.142594,13.988159,1750.0,121.119353,13.89156,3025.0
5573.0,86345.0,121.143636,13.980148,1875.0,121.143541,13.950943,1950.0
10109.0,84106.0,121.142048,13.992439000000005,1975.0,121.089841,13.89386,3975.0
17219.0,17849.0,121.07984,14.234882999999998,625.0,121.021271,14.539719,575.0
85253.0,86396.0,120.852895,14.902814,500.0,120.803114,15.335192,4600.0
2989.0,29937.0,121.0238,14.511309999999998,600.0,120.998744,14.497065,175.0
3847.0,37076.0,121.01895,14.508408,250.0,120.99366300000004,14.494307999999998,250.0
11480.0,75154.0,121.00449529,14.50532913,,120.006703,15.217833,28650.0
17278.0,42547.0,121.024728,14.503693,850.0,120.992953,14.493896,250.0
3910.0,78126.0,121.020428,14.507772,325.0,120.00460900000002,12.394684000000002,26000.0
1792.0,44519.0,121.018572,14.50914,700.0,120.99049,14.492523,300.0
9040.0,56615.0,121.01895784,14.51383558,,125.400885,7.3075839999999985,7150.0
9015.0,86399.0,121.030268,14.514907999999998,650.0,122.442097,13.029552,26825.0
28460.0,28510.0,121.00283974,14.518991239999998,50.0,121.00280236,14.51898193,50.0
85.0,9657.0,122.49741400000002,10.835964,250.0,121.000861,14.522277999999998,200.0
68.0,9688.0,122.497085,10.834350999999998,200.0,120.99700900000002,14.522483,275.0
18825.0,41141.0,121.00238799999998,14.527301789999996,,120.989781,14.492177,275.0
2308.0,38703.0,121.028426,14.513777,550.0,120.99291300000002,14.493853,275.0
52525.0,53381.0,120.302654,14.048626999999998,10125.0,120.998919,14.497147,100.0
14571.0,81970.0,121.019234,14.508864999999998,325.0,124.432431,8.610347999999998,550.0
15326.0,21291.0,123.433385,11.399323,,120.99127500000002,14.492922,375.0
1288.0,83197.0,121.131276,13.965134000000004,1475.0,121.131881,13.967766,1550.0
0.0,86072.0,123.117955,12.794403,35000.0,123.394872,11.749459,22775.0
1966.0,29373.0,121.019566,14.508545,200.0,120.95057,14.563019,1350.0
29158.0,29257.0,123.908828,9.706002,875.0,123.92322400000002,9.758000999999998,1275.0
3632.0,44835.0,125.165793,9.239136,11450.0,120.984713,14.489273,350.0
14954.0,34036.0,120.955329,14.459265,425.0,121.192317,14.248305999999998,675.0
0.0,9220.0,121.06891,14.454117,4200.0,125.64738775,7.130905149999999,
16539.0,32007.0,120.91095,14.424025,350.0,122.727135,10.882965,775.0
4468.0,10282.0,120.98742,14.513126,350.0,121.000816,14.515174,250.0
41967.0,48529.0,120.089327,13.842087,26375.0,120.015596,13.196182,36050.0
10762.0,15329.0,124.682222,29.431628,40000.0,120.004527,21.144771,40000.0
13594.0,26143.0,120.00052300000002,20.037003,41000.0,120.00234,21.142211,36000.0
47881.0,65941.0,120.01052900000002,29.536148,31900.0,120.003351,25.313571000000003,38100.0
68693.0,74051.0,120.019143,18.900115,39000.0,130.35202900000004,28.263772,39000.0
3378.0,18084.0,120.03199,29.535533,33075.0,120.000305,25.322708,38075.0
17538.0,38886.0,120.01341,29.619466000000003,35100.0,120.000407,25.310028000000003,36075.0
42627.0,60074.0,120.00677799999998,29.536194,33075.0,120.003766,25.314083000000004,38100.0
10510.0,18559.0,131.74089499999997,26.37973,36000.0,120.00603,12.245177999999996,38975.0
1429.0,3908.0,122.367069,29.996796,25525.0,120.004595,25.315014,32100.0
18318.0,20914.0,120.000266,23.436813,31000.0,125.578239,27.825668,31000.0
56740.0,69310.0,144.23828125,25.60913086,40000.0,120.003804,11.945435000000002,43000.0
25066.0,30414.0,120.011657,18.894012,35000.0,130.320775,28.278397,37000.0
50058.0,55414.0,120.006262,18.889481,36000.0,130.376533,28.293985000000003,39000.0
50536.0,61420.0,120.093258,13.844055,22475.0,120.042114,13.064792,31125.0
14742.0,26032.0,120.12370699999998,13.891205,15675.0,120.279043,13.408767,27525.0
25054.0,37974.0,120.096525,13.848128999999998,22675.0,120.232481,13.540466,29225.0
37799.0,66649.0,120.00496,18.888152,40000.0,120.004467,12.078964,43000.0
60215.0,67831.0,137.15312412999998,15.5499371,40000.0,120.003283,11.66954,40000.0
58466.0,64505.0,120.000366,18.884288,35000.0,131.92867503,29.53604488,37000.0
76786.0,80042.0,125.268052,28.020071,,121.225395,25.077747,25.0
62190.0,76754.0,147.70352289999997,28.321380620000003,40000.0,120.004278,12.10025,40000.0
16909.0,22404.0,120.008906,18.891457000000003,37000.0,130.33207800000002,28.324036,37000.0
57161.0,61736.0,124.721022,29.455353,36000.0,120.005544,21.145795,36000.0
20925.0,31536.0,125.155511,27.938931,,120.003612,21.157104000000004,36000.0
73781.0,83731.0,120.000216,19.724649,39025.0,125.757374,27.956853,38975.0
22811.0,28940.0,120.147763,13.927872,24325.0,120.104007,13.236649,39000.0
28658.0,40035.0,120.135209,13.91735,20050.0,120.000048,12.384618,36000.0
7273.0,8427.0,120.004666,27.585273,35100.0,121.043378,29.994965000000004,19350.0
31235.0,31382.0,120.019138,29.875214,8725.0,120.206155,29.963608,7725.0
4132.0,21794.0,120.009646,16.162518,31725.0,120.21822500000002,29.96912,7275.0
40742.0,41216.0,120.00625,29.62001,27300.0,121.231384,29.837952000000005,24725.0
26736.0,26926.0,120.338323,27.846431,10325.0,120.009472,27.956818,19725.0
16765.0,17222.0,120.008401,29.619979000000004,26600.0,121.050702,29.981231999999995,22825.0
23430.0,23430.0,120.02892274,29.343830110000003,,120.02892274,29.343830110000003,
14984.0,21353.0,120.111941,27.515492,14125.0,120.002606,26.8666,19800.0
2021.0,27142.0,120.3437,28.076818000000003,13625.0,120.862079,29.976615,29100.0
56490.0,56966.0,120.027143,29.535812,33000.0,121.27084,29.85965,20800.0
52349.0,52595.0,120.03266,27.680892,18700.0,120.387914,28.090319,17875.0
20604.0,20753.0,120.584694,27.808960000000003,10025.0,120.422991,27.907229,18275.0
2205.0,36220.0,122.25163,29.985785999999997,32125.0,122.591804,29.129318,35075.0
763.0,84127.0,120.552602,28.067555,17750.0,120.000546,28.06778,21475.0
17442.0,36811.0,120.004476,25.148026,33100.0,120.000605,25.310126,38100.0
43954.0,54146.0,120.00169300000002,23.79932,30275.0,120.00122100000002,24.279602,29925.0
32889.0,57355.0,120.009793,16.161820000000002,33000.0,120.002044,17.053388,30000.0
1699.0,56742.0,121.01816300000002,14.507865,650.0,120.000345,24.063783,31975.0
32106.0,54614.0,120.000051,23.60257,31000.0,120.00412,24.068115,32000.0
32018.0,84136.0,120.004311,23.438644,32975.0,123.202274,11.980963,31850.0
80425.0,83338.0,124.995469,27.822504,36000.0,120.001486,23.920355,36000.0
64001.0,66970.0,120.002913,23.439285,31000.0,126.3756796,28.40437317,31000.0
66099.0,71900.0,120.002044,16.175738999999997,28975.0,126.098979,4.256927,32975.0
71535.0,74152.0,120.00122100000002,23.437795,31000.0,125.57969,27.826721,31000.0
2726.0,21117.0,120.004232,25.147798,33100.0,120.004284,25.314641,38100.0
42775.0,44507.0,122.367096,29.998121999999995,30075.0,121.20714,27.870173,12250.0
42676.0,43231.0,120.005655,29.519705,22600.0,121.060827,29.99762,19925.0
31043.0,31171.0,120.038153,29.884048,8375.0,120.215369,29.967957,7750.0
14768.0,16358.0,120.001537,26.864868000000005,29100.0,122.367608,29.997345,35075.0
19838.0,37273.0,122.327863,28.85047,32100.0,121.272953,29.86171,20050.0
47290.0,47773.0,120.005088,29.517471000000004,29050.0,121.058679,29.993979,18375.0
24166.0,24659.0,120.025904,29.573566,31100.0,121.245602,29.846921,19800.0
23489.0,66985.0,120.040794,29.381287,18300.0,120.84395775,27.90542473,
6134.0,31803.0,122.25119,29.973915,34100.0,122.361791,29.987503,37125.0
42864.0,52760.0,120.004718,29.620926,21525.0,120.017712,29.619553000000003,22600.0
543.0,21945.0,122.36577699999998,29.810424,32075.0,121.245064,29.845184,25650.0
28476.0,28947.0,120.001444,29.536835000000004,26600.0,121.259981,29.854602,22000.0
31170.0,32393.0,120.84576157,27.907264710000003,,120.009586,28.003731,19800.0
48923.0,54429.0,121.381787,29.923872,8725.0,121.854643,29.912613,8700.0
6854.0,45404.0,120.01356,27.470627,32100.0,120.005113,27.056808000000004,32100.0
319.0,45791.0,120.731137,27.898523,15125.0,120.022163,27.460738999999997,14175.0
20115.0,21341.0,120.004647,27.466553,35100.0,121.040387,29.963813,20725.0
35006.0,36541.0,120.007601,26.755371,31100.0,121.061536,29.998262,23300.0
40277.0,40793.0,120.01052900000002,29.536331,29100.0,121.252172,29.859304,19875.0
23507.0,23996.0,120.017934,29.536464,26625.0,121.244148,29.845291,21125.0
20510.0,22008.0,121.062964,29.999659,30100.0,120.87046999999998,28.18469,4675.0
8954.0,15657.0,120.012764,29.620211,14800.0,120.005224,29.620025,13800.0
17747.0,30113.0,123.694045,29.983245999999998,32000.0,121.249871,29.848114,20675.0
23270.0,24563.0,120.033926,27.480011,35100.0,121.048925,29.978073,19100.0
31458.0,49476.0,121.436139,29.649679,11500.0,120.26868,29.993179,7300.0
33044.0,33535.0,120.005035,29.536194,33100.0,121.266826,29.85759,24450.0
39664.0,45259.0,120.01761000000002,29.536836,21225.0,120.005669,29.620239,21700.0
27389.0,27740.0,120.553612,27.775113,8675.0,120.00207799999998,27.956497,19700.0
19378.0,54320.0,120.676419,27.830154000000004,14775.0,121.220294,27.927246,12675.0
61622.0,84772.0,122.366584,29.993545999999995,29400.0,120.979121,29.091980000000003,31850.0
22116.0,22633.0,120.005924,29.536883000000003,30825.0,121.059613,29.995888,20575.0
1272.0,2696.0,120.0025,27.46596,31100.0,122.369952,29.988858,31100.0
20954.0,21454.0,120.00007,29.536469,32900.0,121.045694,29.972488,20175.0
86259.0,86394.0,120.000035,26.706802,26600.0,120.17203299999998,26.949966,26575.0
31511.0,31810.0,120.034878,27.602684,33100.0,120.479032,28.168533,33100.0
29116.0,48318.0,122.366961,29.993958000000003,31450.0,121.084631,29.832443,20125.0
30966.0,31414.0,120.000335,29.482451999999995,32550.0,121.05434,29.986857,22875.0
37000.0,38724.0,120.00133,27.352844,31100.0,122.483826,29.975967,31125.0
16582.0,17941.0,120.000335,27.46461,35100.0,121.044177,29.970563,19675.0
27017.0,27282.0,120.513893,27.764918,14825.0,120.082795,27.832809,19450.0
25797.0,27298.0,120.012958,26.815579,31100.0,121.058727,29.99501,19675.0
13013.0,13062.0,120.136322,29.943936,6675.0,120.199908,29.979904,6675.0
8401.0,9686.0,120.007704,27.467972,31100.0,121.03912400000002,29.961685,20225.0
7974.0,8490.0,120.00236999999998,29.536604,33025.0,121.271527,29.860886,20700.0
45682.0,46178.0,120.009102,29.536789,26875.0,121.273499,29.861817,20600.0
32746.0,34368.0,120.006567,27.467962,35100.0,122.48488,29.830950000000005,35100.0
33521.0,34847.0,120.016877,27.472228999999995,35100.0,121.054364,29.986541999999996,28525.0
20683.0,22636.0,120.000501,26.707672,31100.0,122.482288,29.990581,31100.0
18037.0,20350.0,122.25163,29.999705,32100.0,120.003715,27.079344,23600.0
9814.0,41067.0,122.366492,29.99356,27400.0,121.25648,29.852088,19650.0
9504.0,10015.0,120.007043,29.570389,25900.0,121.035828,29.956458,20025.0
22763.0,55241.0,120.007729,27.467776,31075.0,121.248339,29.759125,22400.0
14458.0,21483.0,120.122505,27.520845,16500.0,120.00578699999998,26.870911000000003,19850.0
5686.0,5808.0,120.830859,29.746902,29100.0,120.863068,29.999193,29100.0
16637.0,17442.0,121.399401,29.731613,8925.0,120.00699,29.619919000000003,21700.0
12025.0,13236.0,120.001338,27.543748999999995,35100.0,121.267935,29.858368,19850.0
15146.0,15146.0,120.15530499999998,27.995543999999995,9375.0,120.15530499999998,27.995543999999995,9375.0
13131.0,22535.0,122.252014,29.992862,32100.0,122.43628900000002,28.817413,29400.0
8329.0,8702.0,120.000704,29.536469,32575.0,120.862265,29.996704,21600.0
20368.0,20843.0,120.018957,29.536604,33075.0,121.055328,29.988671999999998,19575.0
4870.0,5298.0,120.01966600000002,29.402481,33100.0,120.982079,29.86972,22875.0
21936.0,22442.0,120.01104,29.536743,29125.0,121.263128,29.8564,24325.0
12327.0,33839.0,122.39361900000002,29.801812,27600.0,120.87099,29.611646,27150.0
7382.0,33705.0,120.000431,29.866333,9375.0,121.05668,29.991211,21800.0
24813.0,25257.0,120.007993,29.416626,31100.0,121.031584,29.951065000000003,20875.0
12273.0,12317.0,120.001993,29.903156,24600.0,120.056493,29.994095,24600.0
17633.0,18929.0,120.008997,27.469358,33100.0,121.047794,29.97757,20200.0
49684.0,51235.0,120.00234199999998,26.710603,31100.0,121.096912,29.980245999999998,19750.0
38987.0,39491.0,120.007701,29.34127,13675.0,120.573874,29.998901,5875.0
31564.0,33096.0,120.005061,26.869492,24600.0,121.062281,29.998993,21700.0
12779.0,20649.0,120.111782,27.515957000000004,18700.0,120.000294,26.8629,20700.0
6618.0,28461.0,122.366638,29.99762,27325.0,120.860003,29.622167,30100.0
11402.0,11687.0,120.097638,29.540607,29100.0,120.890108,29.755306,27075.0
19301.0,20605.0,120.013434,27.470289,35100.0,121.04961500000002,29.97871,19900.0
48440.0,49995.0,120.015633,26.728912,31100.0,121.048627,29.976848,18850.0
6885.0,34935.0,120.371596,28.077703,18050.0,121.248392,29.847473,16700.0
30944.0,39975.0,121.057855,29.99249,23650.0,121.22298,29.961345999999995,29100.0
51059.0,85214.0,121.058296,29.992264,30000.0,120.00456,28.090988000000003,19700.0
16855.0,18233.0,120.002183,27.46582,33100.0,121.266497,29.857535,20725.0
8879.0,10050.0,120.002817,27.536812,31150.0,121.060235,29.99675,31075.0
11671.0,11681.0,120.309483,28.104263000000003,18375.0,120.29485300000002,28.104263000000003,18650.0
25000.0,25005.0,120.84271701,27.90368271,,120.84267814,27.9037056,
18127.0,18610.0,120.005088,29.569794,34775.0,121.24495900000002,29.845093,20700.0
13434.0,14744.0,120.00589,27.496216,31075.0,121.010504,29.991186,19350.0
4189.0,28861.0,120.281595,28.074326,18150.0,120.015887,27.952105,17675.0
14423.0,21392.0,121.049506,29.99626,8700.0,120.001185,29.619792,21700.0
40211.0,41554.0,120.001434,27.371613,33100.0,121.057434,29.992172,20850.0
44404.0,44896.0,120.010286,29.536324,29100.0,121.061481,29.998121999999995,19950.0
2880.0,4490.0,120.015494,27.079483,22600.0,121.059319,29.994781,20700.0
8733.0,8815.0,120.000162,29.853904000000004,26200.0,120.108636,29.992396,24825.0
8207.0,8216.0,121.24759400000002,29.866705,13825.0,121.239941,29.876907000000003,13825.0
35819.0,35973.0,120.010581,29.870956000000003,13050.0,120.280474,29.998947,10925.0
14338.0,22253.0,122.252014,29.998495,34100.0,120.001866,26.999832,19800.0
27707.0,28201.0,120.008294,29.536371000000003,33950.0,121.254677,29.850769,23375.0
2214.0,13383.0,120.000754,29.538,32550.0,120.001444,27.052111,30100.0
22676.0,24282.0,120.006884,26.81199400000001,26575.0,121.057111,29.991531,26550.0
12545.0,34635.0,120.002711,27.466193,35100.0,121.045496,29.972984,19375.0
35170.0,35856.0,120.012279,29.536929,20775.0,121.05,29.955341,5125.0
10138.0,25385.0,122.251685,29.997191,30075.0,122.483772,29.971985000000004,31100.0
1719.0,23882.0,120.333952,28.057499,17750.0,120.268652,29.993141,8550.0
10834.0,10906.0,120.00725400000002,29.8629,24600.0,120.109076,29.993421,24600.0
14370.0,14480.0,120.003609,29.867477,10725.0,120.170215,29.957948,8250.0
19018.0,19207.0,120.385696,27.830887000000004,15375.0,120.171958,27.979617,17650.0
717.0,2368.0,120.00169300000002,26.865326,24600.0,121.062195,29.999007,20850.0
23627.0,50817.0,122.260138,28.735382,30100.0,122.35583499999998,29.938954000000003,31075.0
20919.0,22536.0,120.005247,27.466844,35100.0,122.451236,29.806824,35100.0
18427.0,18752.0,120.521921,27.785633999999995,14375.0,120.00657,27.954852,19725.0
30.0,86399.0,122.021925,28.436279,32100.0,121.000309,27.914017,32100.0
5156.0,41702.0,120.011162,27.469684,35100.0,120.007043,27.060397,32125.0
15792.0,44191.0,120.001391,26.864691,31100.0,121.05791,29.99249,20425.0
5402.0,6994.0,120.01552900000002,26.728545999999994,31100.0,121.036377,29.998993,19625.0
15217.0,15392.0,120.007001,29.869312,10025.0,120.266257,29.992172,7275.0
12129.0,22079.0,122.406329,29.747625,30100.0,121.263374,29.855998000000003,19850.0
32212.0,49824.0,120.000431,29.537022,26625.0,120.76118,28.708345999999995,24600.0
24582.0,26169.0,120.044861,27.041473,22425.0,121.033577,29.953079,22600.0
37424.0,37955.0,120.000323,29.537209,29100.0,121.255565,29.851297,17900.0
34663.0,35120.0,120.00236999999998,29.578594,34400.0,121.240701,29.842684,23175.0
37589.0,38721.0,120.001444,27.626938000000003,35100.0,121.26878,29.859192,20700.0
13750.0,46639.0,120.01858,29.536091000000003,33125.0,121.054957,29.987091,19700.0
35737.0,37064.0,120.01486,27.4715,31100.0,121.056142,29.990387,19825.0
3494.0,3866.0,120.01243,29.536743,26600.0,120.94806400000002,29.676086,25175.0
23309.0,23852.0,120.000916,29.545216,26625.0,121.25368,29.850459,21275.0
40098.0,40365.0,120.591646,28.035946,16000.0,120.158263,28.064713,19700.0
29197.0,29264.0,120.028698,29.879517,8525.0,120.125266,29.925338999999997,7325.0
5102.0,16906.0,120.00324,27.589323,33100.0,120.001537,25.311290000000003,32100.0
32454.0,50904.0,122.367661,29.999541999999995,32875.0,122.481618,29.986816,33075.0
9225.0,16064.0,120.007412,27.466238999999995,16300.0,120.935777,29.996704,29100.0
8120.0,8189.0,120.003554,29.857162,24600.0,120.061945,29.991233,24600.0
3592.0,6432.0,122.251228,29.988968,36100.0,120.001017,25.797409,14375.0
10894.0,11485.0,120.01066300000002,29.531855000000007,29100.0,121.046286,29.994781,20750.0
25100.0,45054.0,120.033294,27.537371000000004,31100.0,120.002056,27.053192,32100.0
462.0,1023.0,120.222204,29.473711,6350.0,121.060107,29.99775,18725.0
23118.0,23582.0,120.404346,29.490051,9000.0,121.05668,29.991806,14800.0
26070.0,26179.0,120.03065300000002,29.880661,7975.0,120.180212,29.951617,6825.0
76524.0,79687.0,125.26912900000002,28.020909,38000.0,120.00019,23.919052,38000.0
43623.0,75285.0,123.11535,5.064324999999999,38000.0,125.752205,27.952698,35000.0
19785.0,22388.0,120.009359,23.445708999999997,31000.0,125.58508,27.830612,31000.0
71210.0,74415.0,125.275107,28.025239,,120.008647,24.042892,40000.0
36063.0,41878.0,126.215484,4.076719000000001,38000.0,120.00238699999998,16.17518,38000.0
38136.0,40724.0,120.003862,23.440338,31000.0,125.579857,27.826879,31000.0
9401.0,12001.0,120.005341,23.441752,31000.0,125.57798,27.825439,33000.0
10712.0,18866.0,120.002522,23.800623,21300.0,120.000458,24.068253,38000.0
23646.0,45027.0,120.004543,25.14831,33100.0,120.000407,25.309891000000004,32100.0
7115.0,57501.0,120.002988,25.145843,33100.0,120.273431,29.995421999999994,9050.0
1.0,59373.0,123.462726,8.771346999999999,37000.0,120.006311,15.967557,38000.0
2298.0,4889.0,120.002848,23.58783,31000.0,125.578643,27.825902,33000.0
20.0,950.0,123.683501,26.422073,31000.0,125.754682,27.954619,33000.0
53714.0,86395.0,120.005217,23.80444,24950.0,123.761602,8.130301999999999,37000.0
8067.0,80789.0,120.001933,23.438959,39000.0,120.001205,17.054077000000003,38000.0
56202.0,86400.0,125.267783,28.019792,,124.309299,26.889317,33000.0
68667.0,71175.0,120.000449,25.143329,33125.0,121.268059,29.858652,24875.0
72337.0,75640.0,125.45832,28.15716800000001,,120.005035,23.923416,38000.0
9924.0,30823.0,120.003299,25.146169,33100.0,120.00304,25.313012,36100.0
38340.0,41586.0,125.271871,28.030792,,120.001175,23.91989,36000.0
13629.0,52446.0,123.261345,4.807077,43000.0,126.214801,4.085586999999999,39000.0
42181.0,50377.0,120.004527,23.803528,34375.0,120.00122100000002,24.069031,32750.0
12763.0,20657.0,120.003818,24.074723,21275.0,120.003306,24.071548,33300.0
7829.0,66064.0,120.000572,16.178485000000002,37025.0,120.03932,10.981659,38000.0
31477.0,39745.0,120.003299,23.801833,26650.0,120.002988,24.071231,33300.0
42923.0,52299.0,120.002289,23.800095,33700.0,120.006765,24.200728999999995,30000.0
40676.0,49436.0,120.000242,23.798388,28125.0,120.00295,24.071594,30950.0
38936.0,46188.0,120.001882,23.799133,28750.0,120.000254,24.068298,31900.0
22046.0,30164.0,120.000102,23.797623,28225.0,120.002885,24.074397,34500.0
53800.0,61775.0,120.002436,16.175506,37000.0,128.07226773,1.16343353,41025.0
14344.0,25285.0,120.006771,24.07719,23900.0,120.004171,24.282119999999995,28000.0
22951.0,23456.0,120.01427900000002,29.551392,29100.0,121.270523,29.860245,22375.0
22186.0,23691.0,120.001019,26.864273,26600.0,121.048352,29.976941,19700.0
48892.0,50281.0,120.01641,27.472,35100.0,122.37313799999998,29.982340999999995,35100.0
15942.0,17545.0,120.000757,26.8639,34350.0,122.36496900000002,29.976151,35100.0
32722.0,33224.0,120.001285,29.536102,33300.0,121.266033,29.857178000000005,21000.0
22293.0,23563.0,120.033304,27.479599,35100.0,121.043628,29.969167,19925.0
23974.0,44513.0,120.014648,27.471405,35100.0,120.003299,27.054794,36100.0
21.0,1272.0,120.465088,27.675705,35100.0,122.3668,29.992767,35100.0
37526.0,37954.0,120.00418,26.868851000000003,22600.0,120.537795,27.620911000000003,22600.0
13355.0,14931.0,120.00122600000002,26.864502,26600.0,121.013031,29.986345,18875.0
22237.0,23458.0,120.008326,27.468475,33100.0,121.05033,29.980386,19900.0
66830.0,66895.0,131.52449664000002,29.89133156,35000.0,131.62223229,29.759857180000004,34975.0
24377.0,25677.0,120.000176,27.507764,22600.0,121.061865,29.999193,20025.0
57703.0,57889.0,120.001285,29.866562,10700.0,120.279559,29.99826,7800.0
18355.0,18535.0,120.027681,29.878902,12600.0,120.276892,29.997471,9450.0
12760.0,53007.0,120.004085,29.858917,24600.0,120.282306,29.999725,7475.0
36114.0,36652.0,120.008024,29.402625999999994,24850.0,121.05221,29.983063,19875.0
11919.0,35261.0,120.008015,26.874573,31100.0,120.001641,26.932663,23600.0
11849.0,13096.0,120.135291,27.694336,22600.0,121.030345,29.995926,20150.0
2295.0,3200.0,120.679057,28.262511999999997,19700.0,120.00278099999998,26.866562,24800.0
23248.0,40153.0,122.367096,29.994212,32100.0,122.369115,29.995514,35100.0
8622.0,8688.0,120.002423,29.85516,24600.0,120.101221,29.982667,24600.0
27127.0,28407.0,120.007238,27.46788,35100.0,121.041321,29.965768999999995,19850.0
21144.0,46818.0,120.001019,27.464813,33100.0,121.049517,29.978943,18900.0
32574.0,33089.0,120.001434,27.687012,24625.0,120.002693,28.594898000000004,24600.0
47732.0,47915.0,120.00831,29.870544,10750.0,120.277551,29.997424,6925.0
10659.0,47239.0,122.251959,29.996586,34150.0,122.312568,29.880112,31100.0
14129.0,24348.0,120.794785,29.389917,18700.0,120.75881,28.05936,7625.0
31198.0,32314.0,120.000968,27.662643,35100.0,121.048187,29.976801,20275.0
4214.0,4405.0,120.003028,29.867477,10750.0,120.281498,29.999496,6525.0
51650.0,55996.0,124.48314798,2.0760435999999998,38000.0,120.036958,10.98684,38000.0
19238.0,38915.0,120.00191900000002,26.865715,31100.0,120.001391,27.010214,23600.0
1728.0,1728.0,120.74487,28.906998,22100.0,120.74487,28.906998,22100.0
39.0,1329.0,121.822639,28.091492,30100.0,120.002004,26.959488,23575.0
33153.0,45018.0,122.3668,29.987457,25650.0,121.246733,29.727607,27900.0
20318.0,53245.0,120.020881,27.474153,35100.0,121.056303,29.990158,18575.0
17841.0,18214.0,120.582103,27.765839,10000.0,120.01412000000002,27.952423,19700.0
40897.0,41215.0,120.612717,28.063843,14650.0,120.10893,28.082794,19700.0
12316.0,12494.0,120.00213,29.867157,9575.0,120.267657,29.992767,6675.0
11462.0,42344.0,120.002531,29.85725500000001,24600.0,120.815541,28.673309,24775.0
23636.0,34509.0,122.392865,29.803953000000003,30100.0,122.41669300000002,28.783859,29100.0
46729.0,55204.0,122.252069,29.997843,30100.0,122.347628,29.953217,31075.0
5539.0,38855.0,120.002004,27.465545999999996,33125.0,121.045101,29.971939,19700.0
31135.0,36814.0,120.8474438,27.909195460000003,,120.005816,28.064715,19700.0
22600.0,23079.0,120.002423,29.416266,31100.0,121.276784,29.8634,20925.0
26565.0,26761.0,120.001185,29.866426,7750.0,120.229259,29.98288,6900.0
11770.0,11897.0,120.010771,29.875038,7675.0,120.179659,29.970566,6700.0
17884.0,48186.0,120.001813,27.465633999999994,35075.0,121.249131,29.806732,20650.0
82737.0,85521.0,122.367177,29.997711,29575.0,120.007528,25.318222,32100.0
30816.0,46981.0,130.767233,0.002886,38000.0,121.235399,29.840149,19375.0
7426.0,26689.0,120.007888,26.718471,33050.0,120.00122100000002,25.310532,36075.0
25805.0,33498.0,121.057196,29.991512,32100.0,120.023911,27.949172,18700.0
54630.0,55111.0,120.014002,29.402114,33475.0,121.266713,29.857628,20625.0
27012.0,27465.0,120.020194,29.402023,35100.0,121.044832,29.971985000000004,21575.0
85394.0,86360.0,120.004802,26.71376,26600.0,120.815066,28.67514,26600.0
3351.0,4456.0,120.002677,27.584793,31100.0,121.007538,29.872787,27100.0
53021.0,54150.0,120.001537,27.62352,35100.0,121.095648,29.937604,19700.0
28654.0,29154.0,120.002447,29.403488,31925.0,121.242582,29.844223,24775.0
31893.0,50946.0,122.366656,29.989883,26850.0,121.05420300000002,29.986678999999995,17950.0
21194.0,21374.0,120.015018,29.873199,10200.0,120.27876,29.998076,7500.0
21888.0,31230.0,122.367535,29.996819,32125.0,122.61415369000002,29.35621359,31125.0
5284.0,19394.0,120.000345,27.464951000000003,33100.0,120.000599,27.005931,36100.0
43708.0,44073.0,120.00307,29.536557,26600.0,120.96335,29.684826,25800.0
24983.0,44217.0,121.401726,29.74013,8025.0,120.99465000000002,29.769058,7325.0
28276.0,28442.0,121.41712900000005,29.793339,8275.0,121.220673,29.932437,13225.0
24243.0,26043.0,121.907367,28.128259,34100.0,120.003558,25.313803000000004,34100.0
1490.0,8150.0,120.00533199999998,29.51235,23300.0,120.005088,29.620102,23150.0
12972.0,39419.0,121.214588,29.711746,11875.0,121.243986,29.926941,12350.0
50653.0,85938.0,121.059119,29.994631,30250.0,120.302232,28.05978,19700.0
11168.0,12480.0,120.01692,27.472198,35100.0,120.99329300000002,29.998352,20900.0
37162.0,43105.0,120.034033,27.478296,13350.0,120.007043,26.872931,21700.0
50222.0,51492.0,120.009311,27.46907,35100.0,121.029181,29.946542999999995,22600.0
23403.0,23574.0,120.020247,29.875397,8200.0,120.25726300000002,29.987778,5450.0
12469.0,12540.0,120.003662,29.858826,24600.0,120.104187,29.987741,24600.0
9728.0,11228.0,120.004771,26.86944,31100.0,121.058405,29.992628999999997,21550.0
43744.0,45411.0,120.011435,26.723511,35100.0,122.365009,29.963674,35100.0
12479.0,43279.0,120.001074,26.864505,26600.0,122.390662,29.964512,34125.0
9044.0,49633.0,120.001549,26.86525,26600.0,120.002263,26.916595,23600.0
46519.0,48628.0,122.251904,29.995655,34050.0,120.004336,27.055893,32075.0
32281.0,32424.0,120.02230699999998,29.876724,11675.0,120.275951,29.998856,9400.0
82897.0,84600.0,120.000599,26.707764,31100.0,122.366656,29.986716999999995,31100.0
37340.0,38278.0,120.016773,27.472548999999997,35100.0,120.927052,29.303656,35100.0
54444.0,55726.0,120.003144,27.466461,33125.0,121.0617,29.999566,19300.0
14012.0,14091.0,120.37558199999998,28.054799,18125.0,120.244833,28.062607,19650.0
5400.0,45396.0,122.38877199999996,29.768015,30100.0,121.205157,29.613927000000004,20875.0
37648.0,37899.0,120.45911900000002,28.067871000000004,16825.0,120.051674,28.083893,18800.0
32560.0,32725.0,120.001813,29.866882,11825.0,120.270619,29.997528,9150.0
70125.0,70309.0,120.00207799999998,29.866653,10625.0,120.274091,29.995747999999995,8200.0
9112.0,26867.0,122.367177,29.99295,30100.0,121.267407,29.857819000000003,23475.0
2053.0,49684.0,120.001074,26.708415,26600.0,121.249426,29.795667,21925.0
85316.0,85361.0,120.066174,29.993188,12475.0,120.013302,29.946899,14450.0
43181.0,44352.0,120.00419,27.559297,33100.0,121.056303,29.990204,21750.0
19102.0,20383.0,120.00012300000002,27.464657,35100.0,121.253249,29.850319,18750.0
19730.0,46011.0,120.002988,27.075623,22600.0,120.005061,27.003754,21825.0
68445.0,81706.0,120.00233799999998,16.175134,26975.0,120.009493,14.481051,26000.0
30092.0,30281.0,120.01034,29.871221,9800.0,120.27854,29.997843,6750.0
41793.0,42307.0,120.009419,29.620148,29075.0,121.057542,29.992446999999995,19750.0
49854.0,52074.0,122.252179,29.999193,32100.0,120.002574,27.053787,23600.0
29334.0,29386.0,120.00831,29.87027,10225.0,120.086113,29.907206,9400.0
85057.0,85545.0,120.001346,29.402625999999994,33100.0,121.255364,29.851227,22250.0
19141.0,27828.0,121.056042,29.989184,31850.0,120.869769,29.989091,29100.0
14050.0,36168.0,120.756495,29.020805000000003,19700.0,120.79584,27.8151,1625.0
1926.0,33584.0,120.99666100000002,29.999472,20700.0,121.058026,29.992996,27025.0
13144.0,13256.0,120.035406,29.882217,7925.0,120.148022,29.942865,6675.0
40364.0,40917.0,120.002975,29.569977,24775.0,121.043001,29.968369,19925.0
6341.0,35965.0,120.002183,26.957237,22600.0,121.018579,29.927875000000004,23775.0
2422.0,32960.0,120.016497,29.536102,34600.0,121.050549,29.980805,20225.0
27871.0,29422.0,120.000242,26.746535999999995,31100.0,121.048979,29.978577,20600.0
29509.0,29897.0,120.592519,27.763,13475.0,120.002316,27.956527,19700.0
38452.0,39604.0,120.001278,27.634872000000005,33100.0,121.04450900000002,29.971115,21750.0
33871.0,34237.0,120.58018,27.766315,12150.0,120.008617,27.9542,19700.0
35912.0,36371.0,120.00287,29.536743,29100.0,121.049835,29.979269,19775.0
13737.0,40881.0,120.64182,27.764686,11300.0,120.004308,28.126722,19700.0
34042.0,48837.0,120.002817,27.658035,35100.0,120.004527,25.315063,36100.0
47333.0,47897.0,120.01660300000002,29.536606,24600.0,121.047471,29.976196,20000.0
52812.0,53018.0,120.411741,28.062469,13825.0,120.043804,28.080093,19700.0
19829.0,22575.0,122.38875199999998,29.82399,28450.0,120.002238,25.311905000000007,34125.0
31073.0,31197.0,120.494085,27.801788,14475.0,120.335843,27.895386,17650.0
86181.0,86358.0,120.011417,29.871407,10075.0,120.269366,29.994026,7200.0
18311.0,18799.0,120.008891,29.53656,32850.0,121.054849,29.988007,23125.0
8492.0,9958.0,120.001641,26.865645999999995,26600.0,121.237142,29.841156,22425.0
108.0,32039.0,121.37981,29.89804,10325.0,120.000968,27.003184,22275.0
8011.0,8032.0,121.238832,29.910828,13625.0,121.21507,29.934485,13800.0
32320.0,49645.0,122.380156,28.940548999999997,29925.0,121.022327,29.137619,30850.0
16509.0,17824.0,120.007186,27.468018,33100.0,121.053718,29.986495999999995,19875.0
21620.0,34428.0,122.356714,29.99761,36100.0,122.48853,29.91129,33100.0
13468.0,30457.0,122.251794,29.995608999999995,36125.0,122.502729,28.929981,35125.0
29555.0,43211.0,120.002183,27.602963000000003,35125.0,120.001933,25.311401000000004,32125.0
64019.0,64214.0,120.008521,29.870041,6750.0,120.243907,29.996887,5750.0
67555.0,67712.0,120.016533,29.874061000000005,15075.0,120.279199,29.998028999999995,10375.0
33054.0,33364.0,120.512868,27.877533,14275.0,120.00102300000002,27.999076,21625.0
3075.0,3555.0,120.036083,29.404814,31400.0,121.043518,29.969493,21425.0
28482.0,29886.0,120.001127,27.465215,35100.0,121.054311,29.987366,20625.0
8645.0,10154.0,120.0025,26.867345,26575.0,121.048297,29.977639,21125.0
49498.0,50734.0,120.006145,27.467263,35100.0,121.052695,29.983748999999992,20200.0
22458.0,38178.0,123.694368,29.998672,30000.0,121.260143,29.854136,18425.0
21791.0,23543.0,120.022214,26.738068,30875.0,122.482507,29.995747999999995,31075.0
4200.0,37624.0,122.252124,29.99924,32100.0,122.481738,29.97736,31100.0
33850.0,57073.0,122.367316,29.999472,28425.0,121.254783,29.85141,19800.0
11081.0,11192.0,120.215519,28.085083,19550.0,120.016972,28.090576,19675.0
29609.0,39790.0,120.009895,29.619827000000004,21925.0,120.004578,29.619839,19700.0
35063.0,55614.0,121.41709500000002,29.727951000000004,7650.0,121.021535,29.793594,6375.0
5366.0,14030.0,120.005775,29.536469,21575.0,120.004847,29.619885000000007,21700.0
4573.0,5026.0,120.051754,29.404861000000004,32375.0,121.027533,29.943237,22350.0
26999.0,40577.0,123.694135,29.940863,32000.0,121.24054,29.80912,19450.0
75887.0,79224.0,120.021988,11.015533,37000.0,123.273305,5.027206,37000.0
22101.0,22453.0,120.535231,27.781724,13750.0,120.000968,27.957047,19700.0
1349.0,1575.0,120.556887,28.081421,17575.0,120.18283599999998,28.0899,19400.0
9784.0,83186.0,120.735276,28.813601,17825.0,120.006564,26.872559,25275.0
41873.0,42182.0,120.562644,28.052032,16200.0,120.039422,28.078867,20400.0
51577.0,52078.0,120.000018,29.53624,33600.0,121.053987,29.985947,18975.0
30194.0,31589.0,120.002553,27.465588,33100.0,121.050164,29.980041999999997,19275.0
19878.0,20390.0,120.00461300000002,29.53656,34175.0,121.058624,29.99356,20875.0
2585.0,15736.0,120.00578699999998,26.917007,22600.0,120.002574,26.942276,21725.0
47558.0,47893.0,120.026389,29.619373000000003,28650.0,120.877452,29.649493,22600.0
19425.0,32535.0,123.694261,29.99588,32000.0,121.26782900000002,29.858459,19500.0
10400.0,52481.0,120.01,27.467077,14775.0,120.006979,27.136688000000003,19400.0
31140.0,32424.0,120.84762867000002,27.913873960000004,,120.345119,27.822647,17875.0
54652.0,54822.0,120.015018,29.872879,10525.0,120.273473,29.995056,8225.0
41361.0,47987.0,120.005816,29.619885000000007,20875.0,120.002183,29.62001,23600.0
86324.0,86397.0,120.005088,29.868576,9625.0,120.117426,29.921823,9125.0
34734.0,35091.0,120.005194,29.620102,29100.0,120.93916900000002,29.671093000000003,24600.0
28393.0,28555.0,120.012063,29.871733,11750.0,120.273047,29.995562,8425.0
78209.0,80314.0,122.251794,29.993048,38100.0,120.002394,27.053414,23600.0
5394.0,51660.0,120.009789,27.469031999999995,35100.0,120.009777,25.321298,36000.0
56078.0,56248.0,120.009963,29.870383,11900.0,120.277836,29.99762,8875.0
9852.0,9986.0,121.376091,29.777465000000003,11800.0,121.21027300000002,29.916275,11800.0
55397.0,55920.0,120.005008,29.536604,32475.0,121.266067,29.826158000000003,20750.0
36892.0,39483.0,122.925268,5.399082,38000.0,120.061774,10.937122,37975.0
48436.0,49705.0,120.00762400000002,27.478762,33100.0,121.06225,29.999519,19550.0
40717.0,40908.0,120.015546,29.873566,9350.0,120.279089,29.998308999999995,6600.0
26282.0,26472.0,120.006032,29.868893,7750.0,120.272181,29.994827,7750.0
41873.0,43322.0,120.002729,27.465912,35100.0,121.05434,29.987043,20250.0
58404.0,59494.0,120.000501,27.506104,35100.0,121.220081,29.695587,20700.0
49240.0,49652.0,120.66655776,28.02398164,13950.0,120.006462,28.07016,19650.0
7319.0,14207.0,120.00533199999998,29.53651,25275.0,120.017184,29.619644,22375.0
12069.0,36707.0,120.002004,26.865738,31100.0,120.008274,27.025635,23600.0
26748.0,28808.0,122.367206,29.992071,27575.0,120.00169300000002,26.959076,36075.0
85946.0,86400.0,120.009261,26.719821000000003,35075.0,120.67937399999998,27.663481,35100.0
11174.0,12345.0,120.017343,27.57843,39075.0,121.055011,29.99437,19875.0
50393.0,51765.0,120.008741,27.468567,33100.0,121.057855,29.99249,19700.0
15398.0,51255.0,122.251766,29.99762,35775.0,122.483936,29.985413999999995,31125.0
565.0,960.0,120.011004,29.536148,32050.0,121.04762700000002,29.732529,21400.0
28595.0,30091.0,120.001848,26.865645999999995,31100.0,121.059064,29.917587,31100.0
13654.0,52515.0,120.002522,26.866791,26600.0,120.86799,29.034164000000004,30575.0
72858.0,73023.0,120.01244,29.871919,11825.0,120.281342,29.999147,9200.0
34727.0,41814.0,120.64921,27.715850000000003,5875.0,120.001071,26.864273,22100.0
16940.0,17233.0,120.551061,27.847549,10000.0,120.048631,27.977709,19725.0
22435.0,22435.0,121.41895967000002,28.5576565,,121.41895967000002,28.5576565,
8032.0,32473.0,120.011638,27.657010000000003,35100.0,121.061041,29.998448,20850.0
12744.0,47467.0,122.252454,29.998262,36100.0,122.3668,29.983291999999995,35100.0
17417.0,17878.0,120.000485,29.620211,32950.0,121.251984,29.849762,21900.0
84610.0,86173.0,120.010814,26.722595,35100.0,121.279175,29.982295,20700.0
12027.0,12203.0,120.006463,29.86894,7650.0,120.234752,29.997482,5775.0
53114.0,53600.0,120.001831,29.536417,31400.0,121.060547,29.995469,19650.0
6168.0,83303.0,121.50997,29.79897,2800.0,121.2789,29.994817,13800.0
84259.0,84910.0,120.727467,28.738791,19900.0,120.861242,29.999451,22600.0
45054.0,46438.0,120.008416,27.468194,39100.0,121.057919,29.992538,19200.0
24648.0,25119.0,120.7323,27.742429999999995,7550.0,120.050988,27.940292,21700.0
24197.0,54550.0,120.008046,27.468101,39100.0,121.05528,29.988738999999992,21575.0
61965.0,62131.0,120.007782,29.869583,10800.0,120.245801,29.997703,8075.0
36947.0,38491.0,120.019053,26.728134,31100.0,121.06236,29.999333,21075.0
14329.0,14624.0,120.012377,29.536285000000003,29100.0,120.820189,29.60939,29075.0
46913.0,47663.0,120.007031,27.609055000000005,39075.0,121.01419300000002,29.27417,33925.0
15236.0,15300.0,120.006514,29.849121,39100.0,120.100671,29.988578999999994,39100.0
60250.0,62985.0,134.94911333,21.256713869999995,37000.0,137.18223170000002,15.57115173,39000.0
48126.0,48309.0,120.01152500000002,29.871454000000004,9925.0,120.267828,29.992721999999997,7725.0
53775.0,54267.0,120.010555,29.536231,33475.0,121.083661,29.952026,21975.0
64842.0,65022.0,120.018082,29.874573,9775.0,120.271588,29.994553,6875.0
12762.0,13308.0,120.011796,29.403076,32375.0,121.251086,29.848755,22375.0
53100.0,54431.0,120.00461300000002,27.466844,33100.0,121.022974,29.936022,19700.0
6461.0,6643.0,120.011794,29.871873000000004,9850.0,120.2742,29.995888,7775.0
26446.0,26914.0,120.020142,29.535645,31200.0,121.058075,29.991931,23050.0
22414.0,22557.0,120.018821,29.87498500000001,6750.0,120.217142,29.969055,5075.0
18656.0,19130.0,120.002711,29.536652,34225.0,121.058075,29.993374,20925.0
43753.0,45297.0,120.005194,26.71484,31100.0,121.048572,29.977919,20375.0
93.0,27299.0,120.010232,29.536324,33675.0,120.267773,29.992955,7550.0
31101.0,83940.0,123.281282,4.771744000000001,37975.0,120.102001,29.996429,41075.0
53235.0,53416.0,120.019455,29.87558,7725.0,120.26916500000002,29.993683,7725.0
52102.0,53438.0,120.003662,27.353394,39100.0,121.126025,29.983132999999995,18975.0
5897.0,23296.0,120.01454300000002,27.471593,35100.0,120.019296,27.076969,32100.0
30779.0,30957.0,120.002423,29.866985000000003,10950.0,120.26837799999998,29.993095,7750.0
591.0,61270.0,120.0996,10.862453000000002,37000.0,120.025303,11.009125,41000.0
36951.0,44924.0,120.092226,27.506653,18700.0,120.002367,26.874573,23825.0
10723.0,10919.0,120.00166900000002,29.867218,7450.0,120.272666,29.995514,5625.0
37431.0,37904.0,120.025581,29.401835,33100.0,121.049571,29.979584,22150.0
24605.0,26268.0,120.005217,26.863129,26625.0,121.057919,29.993317,20825.0
48095.0,49251.0,120.001074,27.638017,35100.0,121.050756,29.981186,19625.0
52210.0,52657.0,120.002236,29.536285400000004,33700.0,121.048352,29.977407,19825.0
16176.0,17710.0,120.000864,26.864731,24600.0,121.047794,29.9767,19700.0
9198.0,10376.0,120.000708,27.570786,31100.0,121.05813,29.993048,19700.0
36826.0,58812.0,120.00419,26.742957,33150.0,120.002056,25.311895000000007,36100.0
30244.0,37305.0,120.005116,29.536557,25975.0,120.004901,29.619885000000007,23600.0
7765.0,47315.0,120.468481,28.04223,,120.84482927000002,27.90703078,
11062.0,24733.0,120.004647,27.5728,31100.0,120.003134,27.054578000000003,32050.0
26264.0,45615.0,120.788973,29.601379,9975.0,120.545161,29.607147,14450.0
8289.0,23043.0,120.006197,27.476015,26600.0,120.002136,25.311768000000004,34100.0
38567.0,39031.0,120.01015900000002,29.536331,33100.0,121.047858,29.976243,21475.0
10626.0,42443.0,120.007809,29.536697,29100.0,121.051672,29.98288,19700.0
3762.0,4882.0,120.001391,27.666973,35100.0,121.057965,29.992909,21950.0
10727.0,45869.0,120.072068,27.497726,35100.0,121.059393,29.995515,20125.0
17898.0,18051.0,120.01034,29.871128,11725.0,120.263618,29.991531,9200.0
54126.0,54698.0,120.004824,29.403488,29075.0,121.25436,29.827103,21525.0
854.0,26724.0,121.39411900000002,29.693298,11750.0,120.810787,29.628845,10250.0
10706.0,40140.0,122.340896,29.852041,30100.0,121.255575,29.851593,18300.0
33773.0,36046.0,122.365942,29.973869,34100.0,120.005476,26.860153,27125.0
54771.0,56292.0,122.251928,29.998077,32075.0,121.242941,27.828186,13625.0
61395.0,61559.0,120.01787,29.87471,8325.0,120.23761600000002,29.991326,6025.0
16650.0,36598.0,121.060935,29.996338,26450.0,120.869385,29.99086,29100.0
5277.0,46822.0,121.377904,29.824539,,121.94588,29.915492,9325.0
36521.0,37009.0,120.00166900000002,29.54489,31100.0,121.255834,29.851716,23100.0
19797.0,60297.0,120.013275,29.536789,22400.0,120.276123,29.998634,6850.0
40012.0,40012.0,121.379805,29.776245,,121.379805,29.776245,
74316.0,74360.0,120.059363,29.995701999999994,14450.0,120.005439,29.947311,17000.0
0.0,52187.0,120.409079,28.672175000000003,30075.0,121.060767,29.996912,22125.0
6692.0,7970.0,120.003451,27.466472,33125.0,120.99007,29.989045,27925.0
4992.0,26650.0,122.342888,28.87626,,120.93618,29.66803,22600.0
28111.0,29798.0,120.00625300000002,26.721451,33100.0,121.053826,29.986176,19775.0
21055.0,32945.0,120.00125900000002,16.177135000000003,27000.0,120.005462,14.436859,30000.0
19772.0,19942.0,120.007432,29.869824,8750.0,120.24498400000002,29.982238999999996,6525.0
9451.0,51556.0,122.367096,29.993374,29025.0,120.97089,29.682265,24100.0
15715.0,16973.0,120.001285,27.53374,35100.0,121.039824,29.963608,19775.0
20665.0,22217.0,120.019675,26.890869,22600.0,121.052417,29.984064,22600.0
16219.0,16523.0,120.501533,27.79285,14600.0,120.002606,27.956635,19700.0
22247.0,42252.0,120.000035,26.777252,33100.0,120.004854,25.315386,36100.0
67818.0,67980.0,120.007755,29.869499,11850.0,120.280905,29.998901,10125.0
39449.0,40844.0,120.006461,27.467651,35100.0,122.38161,29.989608999999994,35125.0
64133.0,76617.0,120.00022900000002,29.536514,37100.0,120.000864,27.051407,32100.0
19891.0,32108.0,122.366907,29.99025,27575.0,121.271474,29.860886,19325.0
16906.0,40723.0,121.412389,29.649819,11800.0,121.261102,29.941096,3925.0
48730.0,81771.0,121.46884245,29.82108423,,121.206507,29.750885000000004,13800.0
25926.0,32529.0,121.053341,29.985534999999995,30100.0,120.001972,26.865621999999995,23350.0
6136.0,15317.0,120.003554,29.52031,25000.0,120.005616,29.620239,23600.0
31032.0,31570.0,120.000546,29.536835000000004,29100.0,121.274737,29.862376,21775.0
28170.0,29694.0,120.004284,26.75972,31100.0,121.051593,29.982667,19225.0
16374.0,18124.0,120.003768,26.868788,29100.0,121.27253,29.861206,20700.0
24547.0,39237.0,122.365887,29.974381,27575.0,121.268975,29.859211,22450.0
18055.0,35425.0,120.003398,26.868043,26600.0,120.005247,27.057371000000003,23600.0
40638.0,41889.0,120.000335,27.465121999999997,33100.0,121.049725,29.979874,20025.0
19692.0,20815.0,120.007756,27.468384,33100.0,120.848748,29.612949,20700.0
25088.0,26407.0,120.012747,27.470569,35100.0,121.281307,29.866473,21550.0
2526.0,2851.0,120.029121,29.536194,29100.0,120.950388,29.68071,26950.0
16830.0,40803.0,120.00797,29.536185000000003,29100.0,120.761557,29.064936,31350.0
39026.0,41901.0,123.293594,4.750051,38000.0,120.054142,10.952316,38000.0
65400.0,71702.0,120.007854,16.165924,39000.0,126.241908,4.0361720000000005,39000.0
9308.0,38337.0,120.00061,23.437143,39000.0,120.002797,23.907166,40000.0
44210.0,46656.0,120.003916,23.922363,31000.0,125.580364,27.827087,33000.0
12594.0,40308.0,120.005595,23.212668,41000.0,120.00532,23.909136,40000.0
40580.0,70690.0,123.11947,5.056876,41000.0,125.8115193,2.60572815,39000.0
33384.0,40681.0,120.001882,23.800278,27650.0,120.00019,24.067833,37975.0
18226.0,45266.0,120.000266,23.436996,41000.0,120.0,23.904556,40000.0
7756.0,24453.0,120.001882,25.144455000000004,33100.0,120.003144,25.313338,38100.0
44722.0,64658.0,120.009419,26.72024,33100.0,120.003052,25.313187000000003,38100.0
18745.0,23954.0,125.93760523000002,0.23443707,43000.0,120.03771,10.985184000000002,43000.0
4090.0,12917.0,120.000867,16.178055000000004,36000.0,120.005624,17.049245,38000.0
77924.0,80549.0,120.002913,23.439331,35000.0,125.570825,27.820036,35000.0
14134.0,41640.0,120.004911,23.29747,39000.0,120.004272,23.908356,40000.0
7188.0,12240.0,120.003163,22.47876,4400.0,120.000305,22.321146,21200.0
26429.0,59908.0,120.003408,23.38156,37000.0,120.00418,24.078074,38000.0
40124.0,41390.0,120.008637,27.468521,31125.0,121.231067,29.83754,23275.0
50111.0,50600.0,120.00684,29.521567,26600.0,121.060881,29.997986,18725.0
1980.0,34421.0,120.002046,29.866892,12050.0,121.010742,29.782771999999994,6800.0
85591.0,86231.0,121.188247,29.678588,13800.0,120.002531,29.620258000000003,21700.0
29226.0,30336.0,120.004402,27.541328,39100.0,121.033577,29.952805,20075.0
11341.0,11844.0,120.001993,29.53651,21525.0,120.91188300000002,29.79863,7400.0
3077.0,3522.0,120.928381,29.995142999999995,28050.0,120.664942,29.249004,20725.0
53653.0,53742.0,120.006616,27.465591,15175.0,120.156693,27.533386,12525.0
807.0,1480.0,120.670201,27.802322,14775.0,120.005217,26.870407,21200.0
68222.0,68419.0,120.015402,29.873549,9675.0,120.281067,29.99896,6775.0
30.0,86400.0,121.164282,28.434712,35100.0,121.114285,28.371002,35100.0
58258.0,75485.0,122.366437,29.987229,28625.0,121.121136,29.988905,26600.0
10937.0,82264.0,120.001813,29.866974000000003,7425.0,120.002747,14.107097,28000.0
45534.0,86172.0,120.021973,29.876668,8725.0,120.001602,17.052923,34000.0
18134.0,42311.0,123.167819,4.971732000000001,38000.0,122.926072,5.39772,33025.0
2946.0,6030.0,120.104274,10.853142000000002,33000.0,123.230328,4.861962,33000.0
2766.0,6080.0,120.057341,10.945967,37000.0,123.46160889,4.45367432,37000.0
1153.0,5085.0,121.70659,7.633729000000001,36975.0,125.97766424000002,0.2368927,40975.0
85902.0,86397.0,121.69977099999998,7.647554999999999,39000.0,122.182493,6.702621000000001,39000.0
52252.0,55045.0,123.223215,4.874268000000001,34000.0,120.057978,10.944626,34000.0
24533.0,29423.0,129.221244,28.633438,11800.0,129.329259,28.679306,12800.0
4909.0,81782.0,130.25239800000003,28.388393,38000.0,129.006366,29.104366,39000.0
7097.0,16253.0,130.05821200000003,28.496887,40000.0,129.623216,28.735486,40025.0
1158.0,81859.0,125.975975,25.220047,27775.0,125.851032,25.402299,30000.0
4799.0,81995.0,129.77724,29.901526,38000.0,129.560025,28.725906,39000.0
1847.0,38112.0,130.067984,28.504486,40000.0,129.798185,28.612701,41000.0
84336.0,84574.0,129.204335,28.605978000000004,6825.0,129.077723,28.364884000000004,6200.0
9155.0,17075.0,129.531609,28.740234,35975.0,129.54518,28.70262,37000.0
1282.0,85998.0,130.070519,28.506134,40000.0,129.25827,28.136078000000005,38000.0
21584.0,30371.0,129.46019700000002,28.863007,38000.0,129.53155499999997,29.998077,34950.0
3290.0,11631.0,127.644759,26.222038,,127.633825,26.173204,-75.0
4754.0,13070.0,130.05514900000003,28.494186,38000.0,129.499969,28.833984000000004,39000.0
46804.0,84274.0,129.99368099999998,28.529818,40000.0,130.15756,28.463201999999995,35200.0
1.0,20655.0,129.100976,28.356857000000005,11725.0,129.374789,28.771545,21025.0
1193.0,39781.0,129.690382,29.575699,34000.0,129.43664,28.906311,39000.0
3076.0,26696.0,127.644291,26.223267,625.0,128.71418299999996,29.172043,37000.0
6840.0,22569.0,129.93349368999998,28.32385254,,129.57996999999995,28.257627,3850.0
7953.0,40971.0,130.16013800000002,29.992955,40000.0,130.258766,28.375443,37000.0
13709.0,23355.0,129.820551,29.993933,38000.0,129.484758,28.790863,39000.0
14433.0,24800.0,130.06013800000002,28.498348999999997,40000.0,129.940203,28.616126,41000.0
11063.0,16970.0,129.190028,28.640854000000004,9725.0,129.37975399999996,28.768295,21000.0
4631.0,12905.0,130.03628,28.479728,35975.0,129.42713200000003,28.886215,37000.0
471.0,42378.0,128.026956,27.17459,,129.4728,28.820444,39000.0
8726.0,19664.0,129.904444,28.602905000000003,38000.0,130.27857199999997,28.390068000000003,39000.0
32619.0,42625.0,130.024619,28.51474,40000.0,130.11108399999998,28.437831000000003,36250.0
1589.0,36714.0,129.51755799999998,28.220718,3500.0,129.315103,28.807571000000003,22775.0
30776.0,82553.0,127.644083,26.231964000000005,875.0,125.778605,25.231659,20300.0
5039.0,35210.0,130.04985099999996,28.500537,40000.0,130.391505,29.958069,41000.0
10640.0,42780.0,130.031011,28.475646999999995,38000.0,129.49891900000003,28.819699,39000.0
1163.0,85882.0,126.459249,25.434677,,127.647504,26.159683,275.0
23145.0,34094.0,129.974401,28.541224,38000.0,129.36919,28.982254,39000.0
3770.0,13594.0,130.35531000000003,29.997797,40000.0,129.491811,28.829615,41025.0
12872.0,27160.0,129.252724,28.995391999999995,36000.0,129.000356,29.097015000000003,37000.0
255.0,19060.0,128.06155299999998,26.517086000000003,825.0,127.642943,26.192413,150.0
14367.0,23231.0,129.79786399999998,29.943842,38000.0,129.55412,29.99437,37025.0
12038.0,28793.0,129.95711400000002,29.998535,38000.0,129.035609,29.055672,37000.0
28067.0,36065.0,129.52711800000003,28.733231,37975.0,128.852674,29.127777,37000.0
7284.0,8948.0,127.64328,26.251179,950.0,129.907891,28.650063000000003,37000.0
371.0,9934.0,127.981291,27.155914000000003,,130.33128600000003,28.365601,39000.0
37121.0,44869.0,129.999425,28.508102,36000.0,130.09314999999998,28.50603,39000.0
3424.0,14024.0,129.929002,28.580886,36000.0,130.366833,28.317535000000003,36975.0
54109.0,78559.0,125.28026900000002,28.02887,36000.0,125.74412400000004,27.946838,35000.0
8570.0,17676.0,130.049367,28.489643999999995,38000.0,129.677969,28.656418,36975.0
20271.0,22891.0,120.002492,23.439005,35025.0,125.58217799999998,27.828506,35000.0
4580.0,17161.0,132.02034302,29.96502375,38025.0,129.38647100000003,28.857732,36950.0
85347.0,85812.0,129.96593800000002,28.590591,38025.0,129.22388399999997,28.097627,38000.0
26256.0,35400.0,130.05287800000002,28.492538,38025.0,130.27490999999998,28.362648999999998,37000.0
12716.0,20980.0,129.55412,28.771611,40000.0,129.42692100000002,28.896149,36975.0
38323.0,45354.0,129.93094100000002,28.482427999999995,32000.0,130.113038,28.430786,37000.0
18635.0,20810.0,122.250256,29.972565,34600.0,120.002394,27.0536,27575.0
2106.0,10746.0,130.35084400000002,29.991898000000003,40000.0,129.426023,28.89679,39000.0
5.0,43051.0,129.37220100000002,28.215546,38000.0,129.17418299999997,29.075728999999995,41000.0
1934.0,21662.0,126.025645,25.248505,,128.960953,29.152451000000003,40975.0
8804.0,45954.0,129.535041,28.746094,36000.0,127.647763,26.155838000000003,350.0
2437.0,39217.0,127.644759,26.221153,775.0,125.69163,25.269974,22000.0
1.0,86329.0,129.20907399999996,28.742142999999995,38000.0,127.647189,26.167292,100.0
50514.0,85016.0,130.015006,28.496429,38000.0,122.153269,22.742584,33025.0
15830.0,72855.0,125.093441,27.893692,,125.573109,27.821732,33000.0
35237.0,77530.0,131.70225299999998,26.337441,32000.0,130.288661,28.212341,35000.0
19130.0,36222.0,122.252069,29.997378,34100.0,122.331256,28.638564,31100.0
12786.0,32417.0,125.271822,28.022818,,125.58083,27.827408,35000.0
13062.0,22355.0,129.547335,28.765186,40000.0,129.41656799999998,28.886169,37000.0
46148.0,83449.0,129.425354,28.871325,38000.0,129.725823,28.678253,41000.0
17633.0,28865.0,130.00555199999997,28.456284,40025.0,132.16234993000003,29.71168647,39000.0
2773.0,31583.0,129.537695,28.750057,38000.0,129.43009,28.876602,37000.0
34379.0,43020.0,130.05012100000002,28.490575,38000.0,131.72021132,29.61076355,37000.0
18786.0,28950.0,129.97084700000002,28.584843,40000.0,130.37565399999997,28.318268000000003,39000.0
7934.0,50235.0,121.026306,14.512567,650.0,120.99465700000002,14.494812,200.0
85925.0,86398.0,129.301165,29.010098000000003,40000.0,128.98267,28.18184,40000.0
9964.0,20471.0,130.26171499999998,29.990753,40000.0,129.44789,28.803864000000004,37000.0
5422.0,36462.0,129.76686299999997,29.878922,38000.0,129.440601,28.908829,40975.0
84220.0,86374.0,130.031644,28.476334,38000.0,127.65139,26.071793,1575.0
18675.0,27044.0,130.054914,28.494206,38000.0,129.919087,28.614716,39000.0
12478.0,21165.0,130.05752600000002,28.496292,40000.0,129.757152,28.610493,39000.0
10238.0,86313.0,129.41466699999998,28.924438,40000.0,129.11079999999998,28.084488,40000.0
5605.0,33384.0,127.643928,26.231781,825.0,129.827975,28.602997,41000.0
15125.0,25195.0,130.014038,28.543086,38000.0,129.618495,28.756073,41000.0
16070.0,68627.0,129.794276,28.576538,36000.0,130.11573199999998,28.472534,35000.0
31637.0,86250.0,129.992873,28.446442999999995,30000.0,128.95283400000002,28.095207,40000.0
1.0,7821.0,129.33504000000002,28.435364,40000.0,129.38905,28.910934,39000.0
22397.0,30485.0,130.050025,28.490524,36000.0,129.427562,28.881753,39000.0
13339.0,84054.0,129.54340299999998,28.758855000000004,40000.0,130.12423600000002,28.463241999999997,39000.0
1891.0,3475.0,127.642166,26.261398,1275.0,129.674916,28.661887000000004,39000.0
7.0,8597.0,128.89852100000002,28.455414,40000.0,129.63893600000003,28.665939,39000.0
15732.0,38043.0,129.87110800000002,28.58596,38000.0,130.32941000000002,28.370284,39000.0
16141.0,83673.0,130.06013800000002,28.498163,40000.0,127.68078099999998,26.048584,2125.0
85642.0,85721.0,130.35470600000002,29.997238,40000.0,130.27259399999997,29.873456,40000.0
473.0,42963.0,127.964841,26.701107,13550.0,129.44242600000004,28.849167,39000.0
5608.0,13982.0,130.05857600000002,28.497185,40000.0,129.425812,28.90686,41000.0
25241.0,33123.0,129.527858,28.734787,36950.0,129.95252200000002,28.624969000000004,39000.0
2335.0,85906.0,130.059374,28.497665,38000.0,129.359735,28.010651000000003,36000.0
10452.0,42048.0,130.30076,29.988464,40000.0,129.538263,28.813843,41000.0
30903.0,38772.0,130.05933000000002,28.49779,40000.0,129.45359499999998,28.863281,39025.0
6182.0,17379.0,129.31468099999998,28.958679,40000.0,130.32337900000002,29.999863,41000.0
17.0,82610.0,127.732385,26.018139,3050.0,128.977115,29.135742,41000.0
26161.0,43787.0,130.035711,28.479446,36000.0,130.27442499999998,28.456592,38975.0
7.0,7600.0,129.8696,28.351244,39975.0,129.564191,28.741677,39000.0
17.0,30813.0,128.099477,26.735835,16550.0,130.19245800000002,28.442207,40975.0
15845.0,24393.0,130.03243700000004,28.476974,37975.0,129.915377,28.618174000000003,41000.0
5546.0,85644.0,129.814453,29.981642999999995,38000.0,129.094109,29.052795,39000.0
2569.0,36228.0,130.049444,28.490067,40000.0,130.237374,28.466217,41000.0
47757.0,85010.0,130.02203100000003,28.550034,39975.0,129.76242700000003,28.669235,41000.0
3436.0,30342.0,129.81229900000002,28.609655000000004,40000.0,129.424869,28.880357,39000.0
9517.0,17549.0,130.068776,28.504898000000004,40000.0,129.757831,28.666534,40375.0
586.0,25770.0,130.35413000000003,29.996201,40000.0,129.96815600000002,28.590775,39000.0
42828.0,45038.0,129.98896700000003,28.448638999999996,31975.0,127.647763,26.159546,225.0
61135.0,62965.0,141.55083907000002,12.27033195,39975.0,140.90905439999997,16.40020752,41000.0
10715.0,42867.0,127.644291,26.225967,825.0,129.46674600000003,28.801437,37000.0
3844.0,13415.0,129.808521,29.966653,38000.0,128.880615,29.103928000000003,39000.0
5702.0,85341.0,130.349821,29.990067,38000.0,127.681965,26.048767,1800.0
22854.0,32145.0,130.02814800000004,28.473537,38000.0,129.98099100000002,28.549164,37000.0
3289.0,16400.0,129.54518,28.761602,38000.0,131.40963628,29.41923523,39000.0
36252.0,44677.0,129.78451499999997,29.914608,38000.0,129.431763,28.853543,36950.0
1.0,10168.0,129.259213,28.316097000000003,36025.0,129.425677,28.894183,39000.0
4823.0,35220.0,130.100798,28.48969,40000.0,129.43014700000003,28.89935,39000.0
17.0,83597.0,127.650509,26.099121,1500.0,129.60379499999996,25.993973,19000.0
431.0,11070.0,129.563933,29.336060000000003,38000.0,129.466714,29.200077,38975.0
8729.0,35177.0,131.79056599999998,26.43399,40000.0,131.78655199999997,26.429614,41000.0
36003.0,74506.0,130.01421399999998,28.569305,40000.0,130.286811,28.472978,40975.0
41668.0,80662.0,129.811707,28.58757,40000.0,130.260878,28.418655,41000.0
18226.0,28790.0,130.048969,28.489563,38000.0,130.42900085000002,29.808746339999995,39000.0
20100.0,31190.0,129.535834,29.291794,38000.0,130.30135211,29.99468994,39000.0
40845.0,49239.0,131.782923,26.425643999999995,39975.0,120.02071,12.399948,40000.0
26694.0,38565.0,129.976124,28.530423,38000.0,130.26311499999997,28.399565000000003,39025.0
13101.0,50475.0,120.009548,18.891953000000004,39000.0,120.020045,11.528336,40000.0
85109.0,85565.0,130.079445,28.513138,39975.0,129.330462,27.945914,40000.0
10870.0,84706.0,125.41629400000002,24.847909,23000.0,126.227112,25.336121,20000.0
18851.0,22196.0,120.002214,21.822372,40975.0,125.746976,27.948944,41000.0
33936.0,35777.0,120.01755,26.749603,31075.0,122.481941,29.986678999999995,35075.0
5800.0,38934.0,130.05389,28.493554,39975.0,129.937363,28.614853000000007,41000.0
14761.0,48356.0,120.007426,21.744457,39000.0,120.006259,21.942947,39975.0
48240.0,85993.0,130.00073600000002,28.480659,34000.0,128.269319,26.958389,35000.0
13730.0,16006.0,122.25163,29.990022,40100.0,120.006875,27.05983,23575.0
9928.0,15468.0,120.00526,18.888384,38975.0,130.35700900000003,28.338455000000003,39000.0
12860.0,22141.0,130.048969,28.489791999999994,39975.0,129.648972,28.744904,41000.0
8174.0,16526.0,130.35353700000002,29.995377,40000.0,129.414931,28.962523999999995,41000.0
1011.0,86371.0,131.26824000000002,25.870522,1025.0,127.44928300000002,26.009949,5975.0
17438.0,31786.0,125.26439,28.017464000000004,,127.65268199999998,29.30864,41000.0
13793.0,24577.0,130.00306899999998,28.523117,40000.0,130.38848900000005,29.99231,41000.0
31210.0,82245.0,125.29182434000002,24.77902222,,125.436971,25.214461000000004,20000.0
12230.0,34430.0,129.81064999999998,28.586929,40000.0,127.256699,28.99118,40975.0
15354.0,70633.0,131.725297,26.362701,40000.0,130.423602,28.178209,41000.0
58015.0,63964.0,130.04834300000002,28.518087,39975.0,120.005595,21.096171,39975.0
12024.0,73560.0,120.008959,18.891495000000003,35000.0,130.42564800000002,28.314514000000003,41000.0
63090.0,63205.0,145.70627147,5.00431901,39000.0,145.72786527999995,4.75759215,39000.0
65545.0,72065.0,130.84320655000002,29.248397829999995,38000.0,120.00566,21.096222,40000.0
8875.0,29287.0,125.099453,27.898041,39975.0,125.575949,27.823807,39000.0
823.0,30558.0,128.03202700000003,26.74035,17750.0,129.41765299999997,28.946973,41000.0
9889.0,17949.0,120.000821,12.386444000000004,38975.0,130.33091800000005,28.353944,39000.0
5423.0,50160.0,120.003325,14.827912,38975.0,120.009396,12.350309,39975.0
15088.0,73584.0,129.823063,28.594803,40000.0,130.363611,28.265121,39000.0
10574.0,36852.0,131.76224600000003,26.40303,37975.0,130.440997,28.16983,41000.0
37096.0,45558.0,131.747202,26.386693,39975.0,120.005604,12.090362999999998,39975.0
11679.0,17108.0,120.010381,18.892639,39000.0,130.34781800000002,28.332275000000003,39000.0
5749.0,26091.0,125.273297,28.023834,36675.0,125.765183,27.962207,35000.0
12326.0,48957.0,120.000572,18.884354,39975.0,120.001108,11.469913,40000.0
16748.0,24496.0,129.545922,28.762894,40000.0,129.424762,28.894834000000003,41000.0
6981.0,49635.0,121.029558,14.514266999999998,400.0,120.99469600000002,14.494877,175.0
17482.0,22057.0,127.63859,26.212189,,127.643703,26.192058000000003,25.0
7647.0,49831.0,125.269018,28.020767,39975.0,120.003013,21.743545999999995,40000.0
12351.0,71656.0,120.000819,12.386433000000002,39000.0,130.401958,28.182587,41000.0
8878.0,32592.0,129.825924,28.596574,39975.0,127.502423,29.165117,38975.0
14849.0,31898.0,131.623259,26.249313,25975.0,131.631793,26.26156,28975.0
137.0,26687.0,125.526276,24.951965000000005,,120.004711,21.743912,40000.0
69605.0,72578.0,120.010004,23.446335,41000.0,124.834738,29.396109,41000.0
71829.0,76982.0,120.006708,21.744415,41000.0,130.304333,29.99896,41000.0
66757.0,71368.0,120.009257,21.744969,41000.0,130.11453099999997,28.472373,41000.0
11028.0,18787.0,131.784944,26.428116,40000.0,120.014648,14.49497,40000.0
11725.0,19898.0,129.535992,28.747559,36000.0,120.009396,14.516664,38000.0
70278.0,74842.0,120.001831,21.743247,37000.0,130.18023300000002,28.401427,37000.0
17507.0,24993.0,131.74001399999997,26.378677,36000.0,120.003758,14.60609,36000.0
16622.0,26231.0,120.005631,24.076073,30050.0,120.00112300000002,24.279273,30600.0
12874.0,22990.0,120.007403,13.865387000000002,16475.0,120.01569,14.511475,31100.0
16769.0,86396.0,129.833521,28.600891000000004,38000.0,127.518046,26.067531,37000.0
11202.0,83165.0,120.010703,18.892853,35975.0,129.26371099999997,28.965866,36975.0
86108.0,86398.0,120.000719,18.885178,36000.0,120.512712,19.31785600000001,35975.0
1840.0,79720.0,120.012589,18.894882000000003,35000.0,130.35774800000004,28.264389,36950.0
11077.0,17225.0,129.77928599999998,28.567386,38000.0,120.001365,21.092834,36000.0
23791.0,56659.0,120.020341,18.901559,36025.0,120.00501,21.095352,35975.0
70742.0,75518.0,120.015847,21.746613,37025.0,130.20568299999996,28.412064,37000.0
16221.0,49775.0,120.021319,18.902298,36000.0,120.005341,21.095705,39025.0
75445.0,80818.0,120.001515,18.885219,38975.0,130.39759,28.316376,39000.0
12860.0,20053.0,125.194702,27.967163,40000.0,120.009974,14.110262999999998,39975.0
10582.0,19910.0,120.000666,21.900467,39000.0,120.001373,24.068802,27925.0
7177.0,16125.0,120.12807699999998,13.900172,19825.0,120.002715,14.437270999999996,20875.0
23603.0,34748.0,120.012143,16.0009,31350.0,120.009203,14.437758,24800.0
43922.0,50769.0,120.061003,13.626957,22175.0,120.00159,12.387364,36000.0
30187.0,42852.0,125.06315,4.799024,,120.00053,17.053986000000002,38000.0
80572.0,81603.0,120.000193,13.866282000000002,22075.0,120.992383,14.493574,275.0
27973.0,43644.0,120.008095,16.165283,24600.0,120.001484,14.641296,25025.0
27067.0,57739.0,120.001494,13.866189000000002,21700.0,120.001831,14.437199,24700.0
24120.0,57559.0,120.066689,13.861208,20175.0,120.001768,14.437042,23200.0
26308.0,52085.0,121.234957,25.083984,,121.23884837,25.079990390000003,
4007.0,81895.0,121.23539,25.072701,,120.000366,21.794678,36000.0
4862.0,86398.0,121.23566,25.084522,,120.187073,23.618729,32500.0
5148.0,62770.0,121.2317,25.08152,0.0,124.93647,29.356679,39000.0
8264.0,27781.0,120.000356,23.797119,22425.0,125.74935,27.950662,31000.0
1327.0,54202.0,121.228443,25.080146,,125.58083,27.827545,33000.0
50367.0,53418.0,125.17980699999998,27.956268,38000.0,121.234207,25.087223,-150.0
57034.0,59669.0,121.24246,25.09116,,125.758344,27.957133,33000.0
31707.0,52937.0,121.238173,25.090353,-25.0,121.230977,25.084694,-100.0
21979.0,25221.0,121.233584,25.082886,,125.602285,27.812439,33000.0
74165.0,80132.0,131.854853,26.047256,38000.0,121.222549,25.071592,50.0
2812.0,61015.0,121.228884,25.08046,,127.67238324,29.32232666,33000.0
72207.0,77221.0,129.57954299999997,26.820099,,121.236954,25.076443,50.0
80514.0,82194.0,120.000294,23.797271,33650.0,121.231918,25.08157,25.0
6408.0,7359.0,121.628499,25.039797,4375.0,121.235199,25.087132,-150.0
13758.0,15017.0,121.239067,25.079809,,121.552467,25.067471,
7814.0,9656.0,121.552436,25.06753,,121.242739,25.082474,50.0
11546.0,12607.0,121.253611,25.084351,1750.0,121.549784,25.066544,
7337.0,29682.0,121.246361,25.093891000000003,,121.236657,25.077888000000005,-125.0
5459.0,41518.0,121.233966,25.072745999999995,,121.231851,25.071103,-125.0
23954.0,49541.0,121.23553,25.075363,-25.0,121.225982,25.067949,-125.0
85379.0,86400.0,121.23531,25.075177,25.0,121.249678,25.095194,15275.0
29557.0,86398.0,121.24753300000002,25.093884000000003,,120.732543,24.849817,21175.0
55837.0,58930.0,121.23320300000002,25.075092,,125.577217,27.824878000000005,33000.0
10122.0,38427.0,120.343857,22.572179,,120.339712,22.574937,
11566.0,20481.0,120.620168,24.274429,950.0,120.61865,24.273221,575.0
5519.0,15373.0,121.550441,25.065424,,121.550713,25.065914,
29306.0,39048.0,120.344671,22.571912,,120.345387,22.572132,-125.0
5334.0,7136.0,121.243277,25.079471,,121.242803,25.080013,-125.0
7994.0,10166.0,120.337859,22.573505,,120.33872,22.573355000000003,-150.0
6614.0,41789.0,121.553548,25.064838,,121.555028,25.066122,
7429.0,9917.0,121.232524,25.074746,,121.232602,25.074676,
15797.0,30844.0,121.231799,25.082823,,121.231842,25.071121,-125.0
20646.0,47517.0,121.24729400000002,25.093029,,121.240635,25.080437,
2069.0,30323.0,121.238899,25.079960000000003,,121.230329,25.069942,-75.0
269.0,54805.0,121.236649,25.076225,,121.236022,25.071255000000004,50.0
74285.0,77288.0,125.251377,28.039902,,121.233342,25.068581,50.0
81908.0,84758.0,125.522893,24.396119,38000.0,121.237784,25.091959000000003,25.0
0.0,35645.0,121.24947,25.20394,7625.0,121.235517,25.075328,25.0
22133.0,45051.0,121.55365,25.064724,,121.55337,25.0658,
308.0,59578.0,121.236592,25.077900000000003,,127.338515,29.01741,36975.0
4000.0,75496.0,121.233177,25.075115,,121.231867,25.071968000000005,50.0
1311.0,61010.0,121.237437,25.078056,,127.5690695,29.664276120000004,37000.0
82123.0,83750.0,120.004781,23.803253,29325.0,121.23196900000002,25.07186500000001,25.0
76556.0,79862.0,124.894547,27.74913,,121.24136,25.09737,25.0
31205.0,84276.0,120.002263,23.800064000000003,25025.0,125.762706,27.960391,40975.0
12595.0,23255.0,121.547034,25.065855000000003,,121.550522,25.064941,
74627.0,77874.0,125.186462,27.961258,,121.229039,25.080611999999995,-25.0
21613.0,38100.0,125.276783,28.026306,,125.568924,27.818779,31000.0
7032.0,9518.0,121.24342,25.080391,,121.24368,25.080116,-175.0
27109.0,37380.0,121.55105,25.064819,,121.551024,25.065726999999995,
3906.0,45652.0,121.551056,25.064816,,121.551043,25.064713,
32.0,20092.0,121.21702900000004,25.072058,,121.23737,25.085895,300.0
14531.0,35051.0,121.236051,25.084854000000004,,121.237577,25.086047,-75.0
100.0,19149.0,120.346133,22.573948,,121.009725,22.29801,6700.0
14425.0,30788.0,121.019389,22.357271000000004,7800.0,120.346883,22.573052,-75.0
0.0,33263.0,120.751292,24.628006,26200.0,121.242772,25.082474,-75.0
25276.0,86400.0,121.236009,25.075759,,121.23233799999998,25.071499,25.0
6446.0,46866.0,121.237966,25.095462,,121.231956,25.071201,-125.0
4169.0,43897.0,121.232618,25.083447,,125.755813,27.955457,33000.0
75580.0,79058.0,124.664136,29.49678,40000.0,121.232628,25.073059,50.0
0.0,86395.0,120.049155,22.588715,36000.0,124.049947,26.696136,31000.0
34803.0,61015.0,125.265057,28.017746,,128.48920037000002,29.88630392,33000.0
84075.0,86400.0,121.24769500000002,25.093635,,120.054049,22.806656,36000.0
12346.0,14833.0,121.232363,25.072861000000003,,125.584354,27.830017,31000.0
83727.0,86353.0,125.559324,24.385086,,121.229376,25.066855000000004,50.0
54.0,2153.0,122.71411600000002,26.717866000000004,40000.0,121.23316400000002,25.073479,-150.0
75936.0,78795.0,125.594737,24.368179,,121.234157,25.072546,75.0
73031.0,76432.0,124.696655,29.397924000000003,38000.0,121.23456300000002,25.073147,50.0
9.0,1247.0,121.938171,25.718857000000003,19850.0,121.24150300000002,25.090411,-125.0
81043.0,84282.0,125.168637,27.958435999999995,,121.231855,25.072002,25.0
42980.0,46064.0,121.23429900000002,25.07598,,125.430183,27.823242,31000.0
40809.0,44040.0,121.23366400000002,25.075631,,125.499106,27.895615,33000.0
4425.0,44706.0,121.23244,25.071396,,125.585932,27.83125500000001,31000.0
34053.0,37860.0,121.233937,25.083172,,127.790117,29.404175,39000.0
64666.0,78225.0,131.17926799999998,0.020297,40000.0,121.22702300000002,25.079006,25.0
52617.0,55876.0,125.270206,28.018023,,121.232239,25.081368,-100.0
81159.0,83008.0,120.003255,23.801102,31275.0,121.237707,25.077050000000003,25.0
1539.0,42200.0,121.550765,25.065715,,121.550509,25.064861000000004,
31783.0,51166.0,125.18361,27.959106,36000.0,125.586882,27.831861000000007,29000.0
11063.0,13992.0,121.24168400000002,25.090462,,125.755274,27.954945,35000.0
64380.0,81402.0,127.32583852999996,29.491745,38000.0,125.501387,27.769226,31000.0
64330.0,78675.0,125.83777208,28.42886353,36000.0,120.000397,24.068438,36000.0
42842.0,46025.0,125.18080799999998,27.956853,,121.241982,25.089421999999995,-125.0
24644.0,44257.0,120.000864,23.798016,32975.0,125.585961,27.831345,31000.0
12161.0,12807.0,121.246897,25.083366,,121.245933,25.084522,
60545.0,63784.0,125.179354,27.956062,,121.236761,25.086675,25.0
25666.0,69384.0,125.18973699999998,27.963501,,120.000067,22.404053,36000.0
7578.0,84051.0,125.168044,27.947822,36000.0,121.238556,25.088104,25.0
33118.0,85663.0,120.002763,18.88615,35000.0,121.238823,25.08831,25.0
66640.0,70385.0,125.270799,28.021980000000003,36000.0,121.240489,25.096241,
7337.0,10165.0,121.24265,25.09132,,125.766044,27.962814,33000.0
21706.0,38952.0,120.000666,19.024643,35000.0,125.573783,27.822364,31000.0
61150.0,72317.0,137.55645226,12.217300419999995,40000.0,121.23428300000002,25.084717,200.0
45614.0,65750.0,125.243871,28.007549,40000.0,132.27696009999997,19.2772522,41000.0
62610.0,78582.0,124.86115089,29.786132809999994,36000.0,125.580967,27.827578000000003,31000.0
25921.0,29429.0,121.24142500000002,25.090388,,127.465641,29.177593,39000.0
6918.0,40702.0,121.550117,25.06696,,121.549708,25.067116,
2236.0,45479.0,120.620728,24.26207,850.0,120.62205799999998,24.244545,675.0
1280.0,41370.0,120.207508,22.951813,,120.207545,22.950672,
1.0,13111.0,121.140188,25.013123,1650.0,125.584769,27.830383,33000.0
52919.0,70481.0,125.273007,28.023656,,121.275963,29.862671,19950.0
3414.0,86400.0,120.000356,22.810364000000003,5350.0,120.072027,22.940323,11550.0
6797.0,42535.0,121.54446900000002,25.069893,,120.345484,22.571411,-75.0
7570.0,43386.0,120.620422,24.26857,850.0,120.622109,24.244266,725.0
1400.0,36432.0,121.546982,25.065878,,121.549873,25.067493,
14181.0,43834.0,120.343951,22.574032,,121.551399,25.067516,
2873.0,34659.0,121.548109,25.067414,,121.550115,25.067139,
5980.0,34672.0,120.000501,24.011458000000005,15000.0,121.548322,25.066956,
4955.0,35635.0,120.345497,22.571679,,121.552022,25.067903,
599.0,83831.0,121.54747,25.066956,,120.000965,23.020706,4950.0
9444.0,37603.0,120.620422,24.266646999999995,950.0,120.62205799999998,24.244871000000003,625.0
23691.0,45298.0,121.541852,25.070009,,121.551776,25.067973,
4764.0,85308.0,120.000356,23.02334,5850.0,121.726481,24.281296,14000.0
5792.0,40516.0,120.335037,22.577305000000003,,120.621643,24.251202,525.0
2116.0,40038.0,120.335025,22.577225,,120.343043,22.577312,75.0
5208.0,27596.0,120.620168,24.2715,1375.0,120.34319,22.577316,-100.0
5016.0,85562.0,121.557347,23.752535,14000.0,120.000294,23.738476,9975.0
3603.0,32529.0,120.00295,23.925842,8775.0,120.34912,22.576309,-100.0
158.0,36061.0,120.62093099999998,24.261383,700.0,120.622152,24.243438999999995,650.0
43406.0,54264.0,120.002645,24.296721999999995,19000.0,120.000864,24.131284000000004,20000.0
36029.0,37343.0,120.159495,13.971070999999998,18375.0,120.99262400000002,14.493713,275.0
10.0,65090.0,120.318016,23.554920000000003,38375.0,123.71946400000002,28.027985000000005,37000.0
22075.0,50751.0,121.236437,25.085092,,121.242241,25.083009,-100.0
5710.0,69301.0,135.23196571999995,15.11705017,37000.0,121.238073,25.077335,25.0
2512.0,56604.0,121.227964,25.079762,,121.237927,25.077213,-100.0
2831.0,86400.0,121.23362600000002,25.082904,,121.599375,25.141800000000003,15650.0
83360.0,86398.0,120.342458,22.571946,,122.25644,26.287025,37000.0
9349.0,86231.0,120.002988,23.800716,25575.0,121.238432,25.077644,25.0
15.0,56308.0,122.119774,26.184998000000004,26025.0,121.233991,25.081673,-75.0
11372.0,52383.0,121.236657,25.085325,,121.23803,25.085174,25.0
24198.0,86400.0,120.006359,19.75947,39000.0,121.65890199999998,23.213058000000004,34000.0
7330.0,44388.0,121.233561,25.082881,,121.23208,25.08303,0.0
15625.0,43643.0,121.55422400000002,25.064982,,121.554222,25.065376,
1.0,36380.0,120.933976,25.054880000000004,15450.0,121.236852,25.085448999999997,-125.0
1992.0,38806.0,121.233561,25.082881,-125.0,121.234507,25.083638,-125.0
155.0,86301.0,121.232524,25.083347,,125.67892999999998,24.427914,37000.0
442.0,60041.0,121.233597,25.082886,,121.231967,25.081659,-100.0
0.0,71820.0,122.03064,25.127967000000005,14225.0,121.23129500000002,25.081982,25.0
16593.0,84623.0,121.232274,25.083172,,120.000138,24.068019,32200.0
4376.0,85289.0,121.23572,25.084499,,120.002574,24.071185000000003,34575.0
1.0,54721.0,121.082602,25.226565,14500.0,121.23405300000002,25.084545,-100.0
26817.0,26817.0,121.242824,25.099512,,121.242824,25.099512,
78828.0,78828.0,121.23773,25.0926,6725.0,121.23773,25.0926,6725.0
7368.0,8193.0,121.24574,25.08086,0.0,121.235906,25.075607,
21593.0,22564.0,121.241412,25.096533,,121.220009,25.076108,
21831.0,27169.0,121.249873,25.095337,,121.249768,25.090038,
4375.0,82591.0,121.211316,25.071732,,121.242994,25.098267,
21706.0,81367.0,121.24307,25.094616,,121.24677,25.094593,
62190.0,62190.0,121.220805,25.075951000000003,,121.220805,25.075951000000003,
19908.0,19908.0,121.24065000000002,25.08777,0.0,121.24065000000002,25.08777,0.0
18493.0,22749.0,121.247698,25.094582,,121.216291,25.072918,
79981.0,80085.0,121.220029,25.076054000000003,,121.220131,25.076042,
10641.0,80978.0,121.23588,25.075631,,121.24196400000002,25.09742,25.0
7414.0,68613.0,121.25121900000002,25.08266,,121.242803,25.098083,
31787.0,31787.0,121.24097,25.08935,0.0,121.24097,25.08935,0.0
9234.0,9234.0,121.23408,25.075733,,121.23408,25.075733,
3724.0,82308.0,121.230516,25.071813,,121.23075,25.08075,0.0
58368.0,59947.0,121.24324,25.08193,0.0,121.248369,25.082893,
21217.0,30855.0,120.001847,0.198029,31000.0,120.806043,0.001722,38000.0
2691.0,2976.0,120.994752,0.228571,,120.42156900000002,0.000605,38000.0
4995.0,5060.0,124.69812943,1.3659210199999998,11550.0,124.61913028,1.30174255,14650.0
36968.0,37040.0,120.985518,0.056561,,120.839601,0.000732,38025.0
1127.0,1387.0,120.012233,0.406773,35000.0,120.551256,0.493149,35000.0
5975.0,25695.0,127.33282155,0.8209487100000001,8950.0,126.92481607,0.9417572,8525.0
5903.0,15743.0,120.190146,0.000884,35050.0,120.13905,0.000652,36000.0
46940.0,55056.0,124.75003517,1.478302,8375.0,120.54129400000002,0.000732,36000.0
77839.0,78129.0,120.95775,0.002838,36975.0,121.430133,0.289601,37000.0
11705.0,25755.0,120.51680743,0.81829834,9100.0,123.74734813,0.11191158,15000.0
24505.0,24600.0,127.52375636,0.6541986000000002,4850.0,127.48032392000002,0.7080230700000001,3475.0
6080.0,7255.0,125.66692805,3.76144409,5850.0,126.7425175,3.89602661,2225.0
25675.0,25700.0,126.62543461,0.72826321,36000.0,126.57548806999998,0.7529754600000002,36000.0
52924.0,83175.0,124.66176,29.457047,,124.811607,29.36412,35000.0
51915.0,54139.0,120.54720828000002,15.17976379,,120.00162600000002,14.437134,26675.0
81349.0,82300.0,120.004594,16.171503,18075.0,120.574608,15.21653,700.0
6005.0,7060.0,133.87452778,11.3133576,3700.0,133.19350669999997,11.048904419999998,3700.0
718.0,9625.0,121.565959,25.068832,575.0,121.533051,25.070251000000003,-50.0
12459.0,14900.0,121.228294,25.080048,,125.501179,27.769135,29000.0
82184.0,83461.0,122.765694,17.724951000000004,40000.0,120.019093,18.4264,38000.0
38131.0,41038.0,125.270529,28.030499,,121.22799,25.082321999999994,-125.0
86276.0,86393.0,125.18673199999998,27.946425999999995,,124.99414900000002,27.80919,38025.0
1091.0,3977.0,122.49287,10.831558,225.0,120.992335,14.493574,250.0
9316.0,30725.0,124.671182,29.453461,38000.0,125.581141,27.827774,31000.0
13085.0,43065.0,144.34565493999995,15.86732483,33275.0,144.79180587,13.48031771,200.0
66824.0,70244.0,124.699617,29.404861000000004,38000.0,120.009414,24.053960000000004,38000.0
7080.0,7125.0,125.57751886,8.322190110000001,1000.0,125.57764086,8.302368159999999,1225.0
459.0,86397.0,122.05569,6.92269,200.0,122.05238,6.922713999999999,275.0
22895.0,22980.0,145.72049822,15.07091458,1500.0,145.66526714,15.04165649,1500.0
3311.0,4518.0,120.013353,26.724655,31075.0,122.439775,28.822174,31100.0
86027.0,86397.0,122.065531,6.923241000000001,,121.925059,6.941025000000001,3975.0
57664.0,83143.0,120.573136,15.213783,1600.0,120.569458,15.203727999999998,450.0
75976.0,79552.0,124.733115,29.484138999999995,38000.0,120.001848,23.920541999999998,40000.0
23660.0,23660.0,121.00499252,14.51846695,,121.00499252,14.51846695,
18252.0,44059.0,124.710511,29.430725,,125.749406,27.950684,31000.0
32309.0,54275.0,124.697517,29.404349,38000.0,127.79033,29.404349,31000.0
1690.0,14823.0,124.459471,8.613420999999999,425.0,122.063762,6.923103,
22172.0,41605.0,124.684736,29.369156,37975.0,123.952988,27.938735999999995,32975.0
8809.0,25122.0,123.039014,10.683472,2850.0,120.992148,14.493484000000002,350.0
29652.0,51298.0,124.698733,29.402664,38000.0,125.578643,27.825809,31000.0
51568.0,59188.0,131.120057,0.09407,36075.0,120.008818,13.944164,34000.0
16470.0,49229.0,121.240207,25.097242,,125.749987,27.951141,31000.0
49021.0,51578.0,120.006359,23.44249,31000.0,125.584717,27.830324,31000.0
48335.0,61330.0,143.57701706,5.2509613,38000.0,131.57382741,29.82536704,40000.0
33091.0,59809.0,125.156567,27.95224,,127.337467,29.088166,37075.0
5645.0,50828.0,135.87916535999997,24.122857560000003,38000.0,125.587252,27.83228,31000.0
26086.0,29072.0,125.192325,27.965285999999995,36000.0,120.003248,24.06071,36000.0
74826.0,84196.0,120.003001,23.800369,33000.0,120.001175,24.069183,32000.0
38308.0,50890.0,125.27973799999998,28.024168000000003,,125.755375,27.955032,35000.0
82786.0,85290.0,120.000266,23.436859,31000.0,124.814016,27.802505,31000.0
16234.0,19816.0,124.650509,29.459106,34050.0,120.003144,23.921752,34050.0
51922.0,73441.0,123.847046,27.995166,,124.92715300000002,29.333031,35000.0
67174.0,86400.0,124.719597,29.452158,40000.0,120.72998,24.137283000000004,31000.0
67268.0,70767.0,124.736076,29.49115,38000.0,120.004284,24.058522,38000.0
627.0,3234.0,120.006104,23.693253,31025.0,125.738684,27.942902,33025.0
6168.0,19105.0,121.24659,25.08385,0.0,121.24568939,25.08282852,
46105.0,65870.0,141.53893722,13.784955559999998,38000.0,130.30187673,14.1998291,38000.0
6533.0,8318.0,127.77712300000002,26.360251,500.0,128.08523700000003,29.209434,40000.0
20350.0,22930.0,144.80280424,13.489581610000002,,148.48538629,12.822189330000002,36950.0
5357.0,32057.0,121.029937,14.513855,650.0,120.99445500000002,14.494784,250.0
9037.0,11746.0,120.000017,23.436493,35000.0,125.642343,27.872543,35000.0
61640.0,67251.0,126.999775,5.401829000000001,,120.000193,16.179199,34000.0
12777.0,15495.0,120.004527,23.231848000000003,35000.0,125.577111,27.824785,35000.0
60960.0,82652.0,124.71561207,29.442707639999995,32000.0,125.368107,27.854159000000003,31000.0
7577.0,7607.0,120.336558,22.573413,,120.336548,22.573402,
81886.0,84136.0,121.020717,14.507027,675.0,124.404939,11.962296000000002,21400.0
18275.0,28895.0,129.543026,28.67278,36000.0,129.77266199999997,28.650016,41000.0
45858.0,58850.0,120.008208,13.780106,33000.0,149.54778335,28.9268623,35000.0
21335.0,58090.0,125.268968,28.020676,,120.004481,14.437570999999998,28925.0
36231.0,61759.0,121.24452000000002,25.092476,,125.752743,27.953083,33000.0
38839.0,51136.0,127.121685,5.244507,38025.0,121.202572,29.577383,24025.0
3754.0,8752.0,120.004594,18.887741,35000.0,124.908196,29.286199,35000.0
37010.0,58348.0,120.623262,15.267691,5025.0,125.754089,27.954107,35000.0
18885.0,19045.0,121.8737902,20.37904358,2100.0,121.94229958000004,20.42656333,800.0
18177.0,48886.0,125.454465,28.154297000000003,,125.725103,27.932968,33000.0
48485.0,86394.0,128.39316675,3.66133118,38000.0,120.64811,19.658219,33000.0
64395.0,73900.0,126.59852869,28.983656029999995,36000.0,120.002107,24.187658000000003,34000.0
17490.0,29738.0,121.021176,14.506668,950.0,120.993331,14.494034,275.0
13100.0,22925.0,145.29611688000003,14.18050992,3375.0,145.6108066,14.995488310000002,
20375.0,20395.0,144.74989265999994,13.49560547,1600.0,144.75235511999998,13.48397827,1400.0
42950.0,42950.0,127.75291011,26.3454895,-175.0,127.75291011,26.3454895,-175.0
13418.0,23646.0,129.792103,29.934219,36000.0,130.36403900000002,28.343377,38125.0
4979.0,51858.0,122.376905,20.764984,,127.742701,26.339813000000003,75.0
1.0,22955.0,127.44389900000002,25.625015,27300.0,144.92182633000004,13.574363709999998,
14.0,25310.0,131.93453,0.2913700000000001,43000.0,144.32681435000003,13.2543066,9400.0
205.0,35732.0,127.789704,26.369293,50.0,127.756841,26.345308,-75.0
20370.0,21240.0,145.43459661999998,13.748977659999996,11475.0,147.06047847000002,14.27311707,25800.0
14514.0,22205.0,127.77289799999998,26.284138,,127.755631,26.273781,
3390.0,3460.0,144.63650351999996,13.322412520000002,500.0,144.63259466999995,13.297348019999998,825.0
30642.0,39755.0,129.79242700000003,29.934677,16000.0,129.34775,28.822865000000004,25000.0
28710.0,85398.0,127.77384830999998,26.282741739999995,800.0,127.76924,26.279343,50.0
6305.0,9510.0,127.787372,26.287994,1200.0,129.82313200000002,29.978384,17000.0
20161.0,44127.0,127.74964500000002,26.357025000000004,,127.751925,26.348236,-100.0
44056.0,45173.0,127.159648,26.408066,,127.752774,26.347403,-100.0
718.0,84684.0,129.44033700000003,28.011612,25000.0,129.75505199999998,28.511244,20150.0
568.0,25795.0,129.81100600000002,29.997528,16000.0,127.95009218,5.514531539999998,25975.0
8980.0,23790.0,122.41591900000002,10.158955,25975.0,121.24429803,11.294038419999998,25000.0
15815.0,25260.0,134.53559086,7.367543369999999,325.0,140.72913334,10.82359314,11100.0
10293.0,13256.0,120.000866,23.490829,39000.0,124.92715300000002,29.333589,38975.0
48700.0,54589.0,129.59278780000002,29.15529413,38000.0,120.002314,21.093796,39000.0
6264.0,35023.0,124.69784,29.400764,38000.0,124.077974,28.08017,35000.0
85066.0,85091.0,124.701933,29.410261,,124.68088,29.360458,38000.0
0.0,8743.0,120.105384,15.993673,37000.0,131.167354,0.035339,36975.0
62742.0,65515.0,123.051297,5.182663000000001,34000.0,120.036525,10.98712,37975.0
28810.0,28815.0,132.51444890000002,28.656188960000005,39000.0,132.52306769999998,28.64559368,38975.0
41264.0,50338.0,120.005397,16.169907000000002,37000.0,131.17331299999998,0.027924,38975.0
61535.0,76652.0,147.68864073,2.08414369,38000.0,128.044439,29.318024,40000.0
